source_path,output_path,extension,action,reason,is_mask_like,width,height,original_mode,output_mode,output_min,output_max
E:\ca_apsrg_retinal_project\data\raw\Retinal Vessel\CHASEDB1\CHASEDB1.7z,,.7z,skipped,archive file,False,,,,,,
E:\ca_apsrg_retinal_project\data\raw\Retinal Vessel\CHASEDB1\CHASEDB1\Image_01L.jpg,E:\ca_apsrg_retinal_project\data\working_png\CHASEDB1\CHASEDB1\Image_01L.png,.jpg,skipped,output PNG already exists,False,,,,,,
E:\ca_apsrg_retinal_project\data\raw\Retinal Vessel\CHASEDB1\CHASEDB1\Image_01L_1stHO.png,E:\ca_apsrg_retinal_project\data\working_png\CHASEDB1\CHASEDB1\Image_01L_1stHO.png,.png,skipped,output PNG already exists,True,,,,,,
E:\ca_apsrg_retinal_project\data\raw\Retinal Vessel\CHASEDB1\CHASEDB1\Image_01L_2ndHO.png,E:\ca_apsrg_retinal_project\data\working_png\CHASEDB1\CHASEDB1\Image_01L_2ndHO.png,.png,skipped,output PNG already exists,True,,,,,,
E:\ca_apsrg_retinal_project\data\raw\Retinal Vessel\CHASEDB1\CHASEDB1\Image_01R.jpg,E:\ca_apsrg_retinal_project\data\working_png\CHASEDB1\CHASEDB1\Image_01R.png,.jpg,skipped,output PNG already exists,False,,,,,,
E:\ca_apsrg_retinal_project\data\raw\Retinal Vessel\CHASEDB1\CHASEDB1\Image_01R_1stHO.png,E:\ca_apsrg_retinal_project\data\working_png\CHASEDB1\CHASEDB1\Image_01R_1stHO.png,.png,skipped,output PNG already exists,True,,,,,,
E:\ca_apsrg_retinal_project\data\raw\Retinal Vessel\CHASEDB1\CHASEDB1\Image_01R_2ndHO.png,E:\ca_apsrg_retinal_project\data\working_png\CHASEDB1\CHASEDB1\Image_01R_2ndHO.png,.png,skipped,output PNG already exists,True,,,,,,
E:\ca_apsrg_retinal_project\data\raw\Retinal Vessel\CHASEDB1\CHASEDB1\Image_02L.jpg,E:\ca_apsrg_retinal_project\data\working_png\CHASEDB1\CHASEDB1\Image_02L.png,.jpg,skipped,output PNG already exists,False,,,,,,
E:\ca_apsrg_retinal_project\data\raw\Retinal Vessel\CHASEDB1\CHASEDB1\Image_02L_1stHO.png,E:\ca_apsrg_retinal_project\data\working_png\CHASEDB1\CHASEDB1\Image_02L_1stHO.png,.png,skipped,output PNG already exists,True,,,,,,
E:\ca_apsrg_retinal_project\data\raw\Retinal Vessel\CHASEDB1\CHASEDB1\Image_02L_2ndHO.png,E:\ca_apsrg_retinal_project\data\working_png\CHASEDB1\CHASEDB1\Image_02L_2ndHO.png,.png,skipped,output PNG already exists,True,,,,,,
E:\ca_apsrg_retinal_project\data\raw\Retinal Vessel\CHASEDB1\CHASEDB1\Image_02R.jpg,E:\ca_apsrg_retinal_project\data\working_png\CHASEDB1\CHASEDB1\Image_02R.png,.jpg,skipped,output PNG already exists,False,,,,,,
E:\ca_apsrg_retinal_project\data\raw\Retinal Vessel\CHASEDB1\CHASEDB1\Image_02R_1stHO.png,E:\ca_apsrg_retinal_project\data\working_png\CHASEDB1\CHASEDB1\Image_02R_1stHO.png,.png,skipped,output PNG already exists,True,,,,,,
E:\ca_apsrg_retinal_project\data\raw\Retinal Vessel\CHASEDB1\CHASEDB1\Image_02R_2ndHO.png,E:\ca_apsrg_retinal_project\data\working_png\CHASEDB1\CHASEDB1\Image_02R_2ndHO.png,.png,skipped,output PNG already exists,True,,,,,,
E:\ca_apsrg_retinal_project\data\raw\Retinal Vessel\CHASEDB1\CHASEDB1\Image_03L.jpg,E:\ca_apsrg_retinal_project\data\working_png\CHASEDB1\CHASEDB1\Image_03L.png,.jpg,skipped,output PNG already exists,False,,,,,,
E:\ca_apsrg_retinal_project\data\raw\Retinal Vessel\CHASEDB1\CHASEDB1\Image_03L_1stHO.png,E:\ca_apsrg_retinal_project\data\working_png\CHASEDB1\CHASEDB1\Image_03L_1stHO.png,.png,skipped,output PNG already exists,True,,,,,,
E:\ca_apsrg_retinal_project\data\raw\Retinal Vessel\CHASEDB1\CHASEDB1\Image_03L_2ndHO.png,E:\ca_apsrg_retinal_project\data\working_png\CHASEDB1\CHASEDB1\Image_03L_2ndHO.png,.png,skipped,output PNG already exists,True,,,,,,
E:\ca_apsrg_retinal_project\data\raw\Retinal Vessel\CHASEDB1\CHASEDB1\Image_03R.jpg,E:\ca_apsrg_retinal_project\data\working_png\CHASEDB1\CHASEDB1\Image_03R.png,.jpg,skipped,output PNG already exists,False,,,,,,
E:\ca_apsrg_retinal_project\data\raw\Retinal Vessel\CHASEDB1\CHASEDB1\Image_03R_1stHO.png,E:\ca_apsrg_retinal_project\data\working_png\CHASEDB1\CHASEDB1\Image_03R_1stHO.png,.png,skipped,output PNG already exists,True,,,,,,
E:\ca_apsrg_retinal_project\data\raw\Retinal Vessel\CHASEDB1\CHASEDB1\Image_03R_2ndHO.png,E:\ca_apsrg_retinal_project\data\working_png\CHASEDB1\CHASEDB1\Image_03R_2ndHO.png,.png,skipped,output PNG already exists,True,,,,,,
E:\ca_apsrg_retinal_project\data\raw\Retinal Vessel\CHASEDB1\CHASEDB1\Image_04L.jpg,E:\ca_apsrg_retinal_project\data\working_png\CHASEDB1\CHASEDB1\Image_04L.png,.jpg,skipped,output PNG already exists,False,,,,,,
E:\ca_apsrg_retinal_project\data\raw\Retinal Vessel\CHASEDB1\CHASEDB1\Image_04L_1stHO.png,E:\ca_apsrg_retinal_project\data\working_png\CHASEDB1\CHASEDB1\Image_04L_1stHO.png,.png,skipped,output PNG already exists,True,,,,,,
E:\ca_apsrg_retinal_project\data\raw\Retinal Vessel\CHASEDB1\CHASEDB1\Image_04L_2ndHO.png,E:\ca_apsrg_retinal_project\data\working_png\CHASEDB1\CHASEDB1\Image_04L_2ndHO.png,.png,skipped,output PNG already exists,True,,,,,,
E:\ca_apsrg_retinal_project\data\raw\Retinal Vessel\CHASEDB1\CHASEDB1\Image_04R.jpg,E:\ca_apsrg_retinal_project\data\working_png\CHASEDB1\CHASEDB1\Image_04R.png,.jpg,skipped,output PNG already exists,False,,,,,,
E:\ca_apsrg_retinal_project\data\raw\Retinal Vessel\CHASEDB1\CHASEDB1\Image_04R_1stHO.png,E:\ca_apsrg_retinal_project\data\working_png\CHASEDB1\CHASEDB1\Image_04R_1stHO.png,.png,skipped,output PNG already exists,True,,,,,,
E:\ca_apsrg_retinal_project\data\raw\Retinal Vessel\CHASEDB1\CHASEDB1\Image_04R_2ndHO.png,E:\ca_apsrg_retinal_project\data\working_png\CHASEDB1\CHASEDB1\Image_04R_2ndHO.png,.png,skipped,output PNG already exists,True,,,,,,
E:\ca_apsrg_retinal_project\data\raw\Retinal Vessel\CHASEDB1\CHASEDB1\Image_05L.jpg,E:\ca_apsrg_retinal_project\data\working_png\CHASEDB1\CHASEDB1\Image_05L.png,.jpg,skipped,output PNG already exists,False,,,,,,
E:\ca_apsrg_retinal_project\data\raw\Retinal Vessel\CHASEDB1\CHASEDB1\Image_05L_1stHO.png,E:\ca_apsrg_retinal_project\data\working_png\CHASEDB1\CHASEDB1\Image_05L_1stHO.png,.png,skipped,output PNG already exists,True,,,,,,
E:\ca_apsrg_retinal_project\data\raw\Retinal Vessel\CHASEDB1\CHASEDB1\Image_05L_2ndHO.png,E:\ca_apsrg_retinal_project\data\working_png\CHASEDB1\CHASEDB1\Image_05L_2ndHO.png,.png,skipped,output PNG already exists,True,,,,,,
E:\ca_apsrg_retinal_project\data\raw\Retinal Vessel\CHASEDB1\CHASEDB1\Image_05R.jpg,E:\ca_apsrg_retinal_project\data\working_png\CHASEDB1\CHASEDB1\Image_05R.png,.jpg,skipped,output PNG already exists,False,,,,,,
E:\ca_apsrg_retinal_project\data\raw\Retinal Vessel\CHASEDB1\CHASEDB1\Image_05R_1stHO.png,E:\ca_apsrg_retinal_project\data\working_png\CHASEDB1\CHASEDB1\Image_05R_1stHO.png,.png,skipped,output PNG already exists,True,,,,,,
E:\ca_apsrg_retinal_project\data\raw\Retinal Vessel\CHASEDB1\CHASEDB1\Image_05R_2ndHO.png,E:\ca_apsrg_retinal_project\data\working_png\CHASEDB1\CHASEDB1\Image_05R_2ndHO.png,.png,skipped,output PNG already exists,True,,,,,,
E:\ca_apsrg_retinal_project\data\raw\Retinal Vessel\CHASEDB1\CHASEDB1\Image_06L.jpg,E:\ca_apsrg_retinal_project\data\working_png\CHASEDB1\CHASEDB1\Image_06L.png,.jpg,skipped,output PNG already exists,False,,,,,,
E:\ca_apsrg_retinal_project\data\raw\Retinal Vessel\CHASEDB1\CHASEDB1\Image_06L_1stHO.png,E:\ca_apsrg_retinal_project\data\working_png\CHASEDB1\CHASEDB1\Image_06L_1stHO.png,.png,skipped,output PNG already exists,True,,,,,,
E:\ca_apsrg_retinal_project\data\raw\Retinal Vessel\CHASEDB1\CHASEDB1\Image_06L_2ndHO.png,E:\ca_apsrg_retinal_project\data\working_png\CHASEDB1\CHASEDB1\Image_06L_2ndHO.png,.png,skipped,output PNG already exists,True,,,,,,
E:\ca_apsrg_retinal_project\data\raw\Retinal Vessel\CHASEDB1\CHASEDB1\Image_06R.jpg,E:\ca_apsrg_retinal_project\data\working_png\CHASEDB1\CHASEDB1\Image_06R.png,.jpg,skipped,output PNG already exists,False,,,,,,
E:\ca_apsrg_retinal_project\data\raw\Retinal Vessel\CHASEDB1\CHASEDB1\Image_06R_1stHO.png,E:\ca_apsrg_retinal_project\data\working_png\CHASEDB1\CHASEDB1\Image_06R_1stHO.png,.png,skipped,output PNG already exists,True,,,,,,
E:\ca_apsrg_retinal_project\data\raw\Retinal Vessel\CHASEDB1\CHASEDB1\Image_06R_2ndHO.png,E:\ca_apsrg_retinal_project\data\working_png\CHASEDB1\CHASEDB1\Image_06R_2ndHO.png,.png,skipped,output PNG already exists,True,,,,,,
E:\ca_apsrg_retinal_project\data\raw\Retinal Vessel\CHASEDB1\CHASEDB1\Image_07L.jpg,E:\ca_apsrg_retinal_project\data\working_png\CHASEDB1\CHASEDB1\Image_07L.png,.jpg,skipped,output PNG already exists,False,,,,,,
E:\ca_apsrg_retinal_project\data\raw\Retinal Vessel\CHASEDB1\CHASEDB1\Image_07L_1stHO.png,E:\ca_apsrg_retinal_project\data\working_png\CHASEDB1\CHASEDB1\Image_07L_1stHO.png,.png,skipped,output PNG already exists,True,,,,,,
E:\ca_apsrg_retinal_project\data\raw\Retinal Vessel\CHASEDB1\CHASEDB1\Image_07L_2ndHO.png,E:\ca_apsrg_retinal_project\data\working_png\CHASEDB1\CHASEDB1\Image_07L_2ndHO.png,.png,skipped,output PNG already exists,True,,,,,,
E:\ca_apsrg_retinal_project\data\raw\Retinal Vessel\CHASEDB1\CHASEDB1\Image_07R.jpg,E:\ca_apsrg_retinal_project\data\working_png\CHASEDB1\CHASEDB1\Image_07R.png,.jpg,skipped,output PNG already exists,False,,,,,,
E:\ca_apsrg_retinal_project\data\raw\Retinal Vessel\CHASEDB1\CHASEDB1\Image_07R_1stHO.png,E:\ca_apsrg_retinal_project\data\working_png\CHASEDB1\CHASEDB1\Image_07R_1stHO.png,.png,skipped,output PNG already exists,True,,,,,,
E:\ca_apsrg_retinal_project\data\raw\Retinal Vessel\CHASEDB1\CHASEDB1\Image_07R_2ndHO.png,E:\ca_apsrg_retinal_project\data\working_png\CHASEDB1\CHASEDB1\Image_07R_2ndHO.png,.png,skipped,output PNG already exists,True,,,,,,
E:\ca_apsrg_retinal_project\data\raw\Retinal Vessel\CHASEDB1\CHASEDB1\Image_08L.jpg,E:\ca_apsrg_retinal_project\data\working_png\CHASEDB1\CHASEDB1\Image_08L.png,.jpg,skipped,output PNG already exists,False,,,,,,
E:\ca_apsrg_retinal_project\data\raw\Retinal Vessel\CHASEDB1\CHASEDB1\Image_08L_1stHO.png,E:\ca_apsrg_retinal_project\data\working_png\CHASEDB1\CHASEDB1\Image_08L_1stHO.png,.png,skipped,output PNG already exists,True,,,,,,
E:\ca_apsrg_retinal_project\data\raw\Retinal Vessel\CHASEDB1\CHASEDB1\Image_08L_2ndHO.png,E:\ca_apsrg_retinal_project\data\working_png\CHASEDB1\CHASEDB1\Image_08L_2ndHO.png,.png,skipped,output PNG already exists,True,,,,,,
E:\ca_apsrg_retinal_project\data\raw\Retinal Vessel\CHASEDB1\CHASEDB1\Image_08R.jpg,E:\ca_apsrg_retinal_project\data\working_png\CHASEDB1\CHASEDB1\Image_08R.png,.jpg,skipped,output PNG already exists,False,,,,,,
E:\ca_apsrg_retinal_project\data\raw\Retinal Vessel\CHASEDB1\CHASEDB1\Image_08R_1stHO.png,E:\ca_apsrg_retinal_project\data\working_png\CHASEDB1\CHASEDB1\Image_08R_1stHO.png,.png,skipped,output PNG already exists,True,,,,,,
E:\ca_apsrg_retinal_project\data\raw\Retinal Vessel\CHASEDB1\CHASEDB1\Image_08R_2ndHO.png,E:\ca_apsrg_retinal_project\data\working_png\CHASEDB1\CHASEDB1\Image_08R_2ndHO.png,.png,skipped,output PNG already exists,True,,,,,,
E:\ca_apsrg_retinal_project\data\raw\Retinal Vessel\CHASEDB1\CHASEDB1\Image_09L.jpg,E:\ca_apsrg_retinal_project\data\working_png\CHASEDB1\CHASEDB1\Image_09L.png,.jpg,skipped,output PNG already exists,False,,,,,,
E:\ca_apsrg_retinal_project\data\raw\Retinal Vessel\CHASEDB1\CHASEDB1\Image_09L_1stHO.png,E:\ca_apsrg_retinal_project\data\working_png\CHASEDB1\CHASEDB1\Image_09L_1stHO.png,.png,skipped,output PNG already exists,True,,,,,,
E:\ca_apsrg_retinal_project\data\raw\Retinal Vessel\CHASEDB1\CHASEDB1\Image_09L_2ndHO.png,E:\ca_apsrg_retinal_project\data\working_png\CHASEDB1\CHASEDB1\Image_09L_2ndHO.png,.png,skipped,output PNG already exists,True,,,,,,
E:\ca_apsrg_retinal_project\data\raw\Retinal Vessel\CHASEDB1\CHASEDB1\Image_09R.jpg,E:\ca_apsrg_retinal_project\data\working_png\CHASEDB1\CHASEDB1\Image_09R.png,.jpg,skipped,output PNG already exists,False,,,,,,
E:\ca_apsrg_retinal_project\data\raw\Retinal Vessel\CHASEDB1\CHASEDB1\Image_09R_1stHO.png,E:\ca_apsrg_retinal_project\data\working_png\CHASEDB1\CHASEDB1\Image_09R_1stHO.png,.png,skipped,output PNG already exists,True,,,,,,
E:\ca_apsrg_retinal_project\data\raw\Retinal Vessel\CHASEDB1\CHASEDB1\Image_09R_2ndHO.png,E:\ca_apsrg_retinal_project\data\working_png\CHASEDB1\CHASEDB1\Image_09R_2ndHO.png,.png,skipped,output PNG already exists,True,,,,,,
E:\ca_apsrg_retinal_project\data\raw\Retinal Vessel\CHASEDB1\CHASEDB1\Image_10L.jpg,E:\ca_apsrg_retinal_project\data\working_png\CHASEDB1\CHASEDB1\Image_10L.png,.jpg,skipped,output PNG already exists,False,,,,,,
E:\ca_apsrg_retinal_project\data\raw\Retinal Vessel\CHASEDB1\CHASEDB1\Image_10L_1stHO.png,E:\ca_apsrg_retinal_project\data\working_png\CHASEDB1\CHASEDB1\Image_10L_1stHO.png,.png,skipped,output PNG already exists,True,,,,,,
E:\ca_apsrg_retinal_project\data\raw\Retinal Vessel\CHASEDB1\CHASEDB1\Image_10L_2ndHO.png,E:\ca_apsrg_retinal_project\data\working_png\CHASEDB1\CHASEDB1\Image_10L_2ndHO.png,.png,skipped,output PNG already exists,True,,,,,,
E:\ca_apsrg_retinal_project\data\raw\Retinal Vessel\CHASEDB1\CHASEDB1\Image_10R.jpg,E:\ca_apsrg_retinal_project\data\working_png\CHASEDB1\CHASEDB1\Image_10R.png,.jpg,skipped,output PNG already exists,False,,,,,,
E:\ca_apsrg_retinal_project\data\raw\Retinal Vessel\CHASEDB1\CHASEDB1\Image_10R_1stHO.png,E:\ca_apsrg_retinal_project\data\working_png\CHASEDB1\CHASEDB1\Image_10R_1stHO.png,.png,skipped,output PNG already exists,True,,,,,,
E:\ca_apsrg_retinal_project\data\raw\Retinal Vessel\CHASEDB1\CHASEDB1\Image_10R_2ndHO.png,E:\ca_apsrg_retinal_project\data\working_png\CHASEDB1\CHASEDB1\Image_10R_2ndHO.png,.png,skipped,output PNG already exists,True,,,,,,
E:\ca_apsrg_retinal_project\data\raw\Retinal Vessel\CHASEDB1\CHASEDB1\Image_11L.jpg,E:\ca_apsrg_retinal_project\data\working_png\CHASEDB1\CHASEDB1\Image_11L.png,.jpg,skipped,output PNG already exists,False,,,,,,
E:\ca_apsrg_retinal_project\data\raw\Retinal Vessel\CHASEDB1\CHASEDB1\Image_11L_1stHO.png,E:\ca_apsrg_retinal_project\data\working_png\CHASEDB1\CHASEDB1\Image_11L_1stHO.png,.png,skipped,output PNG already exists,True,,,,,,
E:\ca_apsrg_retinal_project\data\raw\Retinal Vessel\CHASEDB1\CHASEDB1\Image_11L_2ndHO.png,E:\ca_apsrg_retinal_project\data\working_png\CHASEDB1\CHASEDB1\Image_11L_2ndHO.png,.png,skipped,output PNG already exists,True,,,,,,
E:\ca_apsrg_retinal_project\data\raw\Retinal Vessel\CHASEDB1\CHASEDB1\Image_11R.jpg,E:\ca_apsrg_retinal_project\data\working_png\CHASEDB1\CHASEDB1\Image_11R.png,.jpg,skipped,output PNG already exists,False,,,,,,
E:\ca_apsrg_retinal_project\data\raw\Retinal Vessel\CHASEDB1\CHASEDB1\Image_11R_1stHO.png,E:\ca_apsrg_retinal_project\data\working_png\CHASEDB1\CHASEDB1\Image_11R_1stHO.png,.png,skipped,output PNG already exists,True,,,,,,
E:\ca_apsrg_retinal_project\data\raw\Retinal Vessel\CHASEDB1\CHASEDB1\Image_11R_2ndHO.png,E:\ca_apsrg_retinal_project\data\working_png\CHASEDB1\CHASEDB1\Image_11R_2ndHO.png,.png,skipped,output PNG already exists,True,,,,,,
E:\ca_apsrg_retinal_project\data\raw\Retinal Vessel\CHASEDB1\CHASEDB1\Image_12L.jpg,E:\ca_apsrg_retinal_project\data\working_png\CHASEDB1\CHASEDB1\Image_12L.png,.jpg,skipped,output PNG already exists,False,,,,,,
E:\ca_apsrg_retinal_project\data\raw\Retinal Vessel\CHASEDB1\CHASEDB1\Image_12L_1stHO.png,E:\ca_apsrg_retinal_project\data\working_png\CHASEDB1\CHASEDB1\Image_12L_1stHO.png,.png,skipped,output PNG already exists,True,,,,,,
E:\ca_apsrg_retinal_project\data\raw\Retinal Vessel\CHASEDB1\CHASEDB1\Image_12L_2ndHO.png,E:\ca_apsrg_retinal_project\data\working_png\CHASEDB1\CHASEDB1\Image_12L_2ndHO.png,.png,skipped,output PNG already exists,True,,,,,,
E:\ca_apsrg_retinal_project\data\raw\Retinal Vessel\CHASEDB1\CHASEDB1\Image_12R.jpg,E:\ca_apsrg_retinal_project\data\working_png\CHASEDB1\CHASEDB1\Image_12R.png,.jpg,skipped,output PNG already exists,False,,,,,,
E:\ca_apsrg_retinal_project\data\raw\Retinal Vessel\CHASEDB1\CHASEDB1\Image_12R_1stHO.png,E:\ca_apsrg_retinal_project\data\working_png\CHASEDB1\CHASEDB1\Image_12R_1stHO.png,.png,skipped,output PNG already exists,True,,,,,,
E:\ca_apsrg_retinal_project\data\raw\Retinal Vessel\CHASEDB1\CHASEDB1\Image_12R_2ndHO.png,E:\ca_apsrg_retinal_project\data\working_png\CHASEDB1\CHASEDB1\Image_12R_2ndHO.png,.png,skipped,output PNG already exists,True,,,,,,
E:\ca_apsrg_retinal_project\data\raw\Retinal Vessel\CHASEDB1\CHASEDB1\Image_13L.jpg,E:\ca_apsrg_retinal_project\data\working_png\CHASEDB1\CHASEDB1\Image_13L.png,.jpg,skipped,output PNG already exists,False,,,,,,
E:\ca_apsrg_retinal_project\data\raw\Retinal Vessel\CHASEDB1\CHASEDB1\Image_13L_1stHO.png,E:\ca_apsrg_retinal_project\data\working_png\CHASEDB1\CHASEDB1\Image_13L_1stHO.png,.png,skipped,output PNG already exists,True,,,,,,
E:\ca_apsrg_retinal_project\data\raw\Retinal Vessel\CHASEDB1\CHASEDB1\Image_13L_2ndHO.png,E:\ca_apsrg_retinal_project\data\working_png\CHASEDB1\CHASEDB1\Image_13L_2ndHO.png,.png,skipped,output PNG already exists,True,,,,,,
E:\ca_apsrg_retinal_project\data\raw\Retinal Vessel\CHASEDB1\CHASEDB1\Image_13R.jpg,E:\ca_apsrg_retinal_project\data\working_png\CHASEDB1\CHASEDB1\Image_13R.png,.jpg,skipped,output PNG already exists,False,,,,,,
E:\ca_apsrg_retinal_project\data\raw\Retinal Vessel\CHASEDB1\CHASEDB1\Image_13R_1stHO.png,E:\ca_apsrg_retinal_project\data\working_png\CHASEDB1\CHASEDB1\Image_13R_1stHO.png,.png,skipped,output PNG already exists,True,,,,,,
E:\ca_apsrg_retinal_project\data\raw\Retinal Vessel\CHASEDB1\CHASEDB1\Image_13R_2ndHO.png,E:\ca_apsrg_retinal_project\data\working_png\CHASEDB1\CHASEDB1\Image_13R_2ndHO.png,.png,skipped,output PNG already exists,True,,,,,,
E:\ca_apsrg_retinal_project\data\raw\Retinal Vessel\CHASEDB1\CHASEDB1\Image_14L.jpg,E:\ca_apsrg_retinal_project\data\working_png\CHASEDB1\CHASEDB1\Image_14L.png,.jpg,skipped,output PNG already exists,False,,,,,,
E:\ca_apsrg_retinal_project\data\raw\Retinal Vessel\CHASEDB1\CHASEDB1\Image_14L_1stHO.png,E:\ca_apsrg_retinal_project\data\working_png\CHASEDB1\CHASEDB1\Image_14L_1stHO.png,.png,skipped,output PNG already exists,True,,,,,,
E:\ca_apsrg_retinal_project\data\raw\Retinal Vessel\CHASEDB1\CHASEDB1\Image_14L_2ndHO.png,E:\ca_apsrg_retinal_project\data\working_png\CHASEDB1\CHASEDB1\Image_14L_2ndHO.png,.png,skipped,output PNG already exists,True,,,,,,
E:\ca_apsrg_retinal_project\data\raw\Retinal Vessel\CHASEDB1\CHASEDB1\Image_14R.jpg,E:\ca_apsrg_retinal_project\data\working_png\CHASEDB1\CHASEDB1\Image_14R.png,.jpg,skipped,output PNG already exists,False,,,,,,
E:\ca_apsrg_retinal_project\data\raw\Retinal Vessel\CHASEDB1\CHASEDB1\Image_14R_1stHO.png,E:\ca_apsrg_retinal_project\data\working_png\CHASEDB1\CHASEDB1\Image_14R_1stHO.png,.png,skipped,output PNG already exists,True,,,,,,
E:\ca_apsrg_retinal_project\data\raw\Retinal Vessel\CHASEDB1\CHASEDB1\Image_14R_2ndHO.png,E:\ca_apsrg_retinal_project\data\working_png\CHASEDB1\CHASEDB1\Image_14R_2ndHO.png,.png,skipped,output PNG already exists,True,,,,,,
E:\ca_apsrg_retinal_project\data\raw\Retinal Vessel\DRIVE\DRIVE.7z,,.7z,skipped,archive file,False,,,,,,
E:\ca_apsrg_retinal_project\data\raw\Retinal Vessel\DRIVE\DRIVE\test\images\01_test.tif,E:\ca_apsrg_retinal_project\data\working_png\DRIVE\DRIVE\test\images\01_test.png,.tif,skipped,output PNG already exists,False,,,,,,
E:\ca_apsrg_retinal_project\data\raw\Retinal Vessel\DRIVE\DRIVE\test\images\02_test.tif,E:\ca_apsrg_retinal_project\data\working_png\DRIVE\DRIVE\test\images\02_test.png,.tif,skipped,output PNG already exists,False,,,,,,
E:\ca_apsrg_retinal_project\data\raw\Retinal Vessel\DRIVE\DRIVE\test\images\03_test.tif,E:\ca_apsrg_retinal_project\data\working_png\DRIVE\DRIVE\test\images\03_test.png,.tif,skipped,output PNG already exists,False,,,,,,
E:\ca_apsrg_retinal_project\data\raw\Retinal Vessel\DRIVE\DRIVE\test\images\04_test.tif,E:\ca_apsrg_retinal_project\data\working_png\DRIVE\DRIVE\test\images\04_test.png,.tif,skipped,output PNG already exists,False,,,,,,
E:\ca_apsrg_retinal_project\data\raw\Retinal Vessel\DRIVE\DRIVE\test\images\05_test.tif,E:\ca_apsrg_retinal_project\data\working_png\DRIVE\DRIVE\test\images\05_test.png,.tif,skipped,output PNG already exists,False,,,,,,
E:\ca_apsrg_retinal_project\data\raw\Retinal Vessel\DRIVE\DRIVE\test\images\06_test.tif,E:\ca_apsrg_retinal_project\data\working_png\DRIVE\DRIVE\test\images\06_test.png,.tif,skipped,output PNG already exists,False,,,,,,
E:\ca_apsrg_retinal_project\data\raw\Retinal Vessel\DRIVE\DRIVE\test\images\07_test.tif,E:\ca_apsrg_retinal_project\data\working_png\DRIVE\DRIVE\test\images\07_test.png,.tif,skipped,output PNG already exists,False,,,,,,
E:\ca_apsrg_retinal_project\data\raw\Retinal Vessel\DRIVE\DRIVE\test\images\08_test.tif,E:\ca_apsrg_retinal_project\data\working_png\DRIVE\DRIVE\test\images\08_test.png,.tif,skipped,output PNG already exists,False,,,,,,
E:\ca_apsrg_retinal_project\data\raw\Retinal Vessel\DRIVE\DRIVE\test\images\09_test.tif,E:\ca_apsrg_retinal_project\data\working_png\DRIVE\DRIVE\test\images\09_test.png,.tif,skipped,output PNG already exists,False,,,,,,
E:\ca_apsrg_retinal_project\data\raw\Retinal Vessel\DRIVE\DRIVE\test\images\10_test.tif,E:\ca_apsrg_retinal_project\data\working_png\DRIVE\DRIVE\test\images\10_test.png,.tif,skipped,output PNG already exists,False,,,,,,
E:\ca_apsrg_retinal_project\data\raw\Retinal Vessel\DRIVE\DRIVE\test\images\11_test.tif,E:\ca_apsrg_retinal_project\data\working_png\DRIVE\DRIVE\test\images\11_test.png,.tif,skipped,output PNG already exists,False,,,,,,
E:\ca_apsrg_retinal_project\data\raw\Retinal Vessel\DRIVE\DRIVE\test\images\12_test.tif,E:\ca_apsrg_retinal_project\data\working_png\DRIVE\DRIVE\test\images\12_test.png,.tif,skipped,output PNG already exists,False,,,,,,
E:\ca_apsrg_retinal_project\data\raw\Retinal Vessel\DRIVE\DRIVE\test\images\13_test.tif,E:\ca_apsrg_retinal_project\data\working_png\DRIVE\DRIVE\test\images\13_test.png,.tif,skipped,output PNG already exists,False,,,,,,
E:\ca_apsrg_retinal_project\data\raw\Retinal Vessel\DRIVE\DRIVE\test\images\14_test.tif,E:\ca_apsrg_retinal_project\data\working_png\DRIVE\DRIVE\test\images\14_test.png,.tif,skipped,output PNG already exists,False,,,,,,
E:\ca_apsrg_retinal_project\data\raw\Retinal Vessel\DRIVE\DRIVE\test\images\15_test.tif,E:\ca_apsrg_retinal_project\data\working_png\DRIVE\DRIVE\test\images\15_test.png,.tif,skipped,output PNG already exists,False,,,,,,
E:\ca_apsrg_retinal_project\data\raw\Retinal Vessel\DRIVE\DRIVE\test\images\16_test.tif,E:\ca_apsrg_retinal_project\data\working_png\DRIVE\DRIVE\test\images\16_test.png,.tif,skipped,output PNG already exists,False,,,,,,
E:\ca_apsrg_retinal_project\data\raw\Retinal Vessel\DRIVE\DRIVE\test\images\17_test.tif,E:\ca_apsrg_retinal_project\data\working_png\DRIVE\DRIVE\test\images\17_test.png,.tif,skipped,output PNG already exists,False,,,,,,
E:\ca_apsrg_retinal_project\data\raw\Retinal Vessel\DRIVE\DRIVE\test\images\18_test.tif,E:\ca_apsrg_retinal_project\data\working_png\DRIVE\DRIVE\test\images\18_test.png,.tif,skipped,output PNG already exists,False,,,,,,
E:\ca_apsrg_retinal_project\data\raw\Retinal Vessel\DRIVE\DRIVE\test\images\19_test.tif,E:\ca_apsrg_retinal_project\data\working_png\DRIVE\DRIVE\test\images\19_test.png,.tif,skipped,output PNG already exists,False,,,,,,
E:\ca_apsrg_retinal_project\data\raw\Retinal Vessel\DRIVE\DRIVE\test\images\20_test.tif,E:\ca_apsrg_retinal_project\data\working_png\DRIVE\DRIVE\test\images\20_test.png,.tif,skipped,output PNG already exists,False,,,,,,
E:\ca_apsrg_retinal_project\data\raw\Retinal Vessel\DRIVE\DRIVE\test\mask\01_test_mask.gif,E:\ca_apsrg_retinal_project\data\working_png\DRIVE\DRIVE\test\mask\01_test_mask.png,.gif,skipped,output PNG already exists,True,,,,,,
E:\ca_apsrg_retinal_project\data\raw\Retinal Vessel\DRIVE\DRIVE\test\mask\02_test_mask.gif,E:\ca_apsrg_retinal_project\data\working_png\DRIVE\DRIVE\test\mask\02_test_mask.png,.gif,skipped,output PNG already exists,True,,,,,,
E:\ca_apsrg_retinal_project\data\raw\Retinal Vessel\DRIVE\DRIVE\test\mask\03_test_mask.gif,E:\ca_apsrg_retinal_project\data\working_png\DRIVE\DRIVE\test\mask\03_test_mask.png,.gif,skipped,output PNG already exists,True,,,,,,
E:\ca_apsrg_retinal_project\data\raw\Retinal Vessel\DRIVE\DRIVE\test\mask\04_test_mask.gif,E:\ca_apsrg_retinal_project\data\working_png\DRIVE\DRIVE\test\mask\04_test_mask.png,.gif,skipped,output PNG already exists,True,,,,,,
E:\ca_apsrg_retinal_project\data\raw\Retinal Vessel\DRIVE\DRIVE\test\mask\05_test_mask.gif,E:\ca_apsrg_retinal_project\data\working_png\DRIVE\DRIVE\test\mask\05_test_mask.png,.gif,skipped,output PNG already exists,True,,,,,,
E:\ca_apsrg_retinal_project\data\raw\Retinal Vessel\DRIVE\DRIVE\test\mask\06_test_mask.gif,E:\ca_apsrg_retinal_project\data\working_png\DRIVE\DRIVE\test\mask\06_test_mask.png,.gif,skipped,output PNG already exists,True,,,,,,
E:\ca_apsrg_retinal_project\data\raw\Retinal Vessel\DRIVE\DRIVE\test\mask\07_test_mask.gif,E:\ca_apsrg_retinal_project\data\working_png\DRIVE\DRIVE\test\mask\07_test_mask.png,.gif,skipped,output PNG already exists,True,,,,,,
E:\ca_apsrg_retinal_project\data\raw\Retinal Vessel\DRIVE\DRIVE\test\mask\08_test_mask.gif,E:\ca_apsrg_retinal_project\data\working_png\DRIVE\DRIVE\test\mask\08_test_mask.png,.gif,skipped,output PNG already exists,True,,,,,,
E:\ca_apsrg_retinal_project\data\raw\Retinal Vessel\DRIVE\DRIVE\test\mask\09_test_mask.gif,E:\ca_apsrg_retinal_project\data\working_png\DRIVE\DRIVE\test\mask\09_test_mask.png,.gif,skipped,output PNG already exists,True,,,,,,
E:\ca_apsrg_retinal_project\data\raw\Retinal Vessel\DRIVE\DRIVE\test\mask\10_test_mask.gif,E:\ca_apsrg_retinal_project\data\working_png\DRIVE\DRIVE\test\mask\10_test_mask.png,.gif,skipped,output PNG already exists,True,,,,,,
E:\ca_apsrg_retinal_project\data\raw\Retinal Vessel\DRIVE\DRIVE\test\mask\11_test_mask.gif,E:\ca_apsrg_retinal_project\data\working_png\DRIVE\DRIVE\test\mask\11_test_mask.png,.gif,skipped,output PNG already exists,True,,,,,,
E:\ca_apsrg_retinal_project\data\raw\Retinal Vessel\DRIVE\DRIVE\test\mask\12_test_mask.gif,E:\ca_apsrg_retinal_project\data\working_png\DRIVE\DRIVE\test\mask\12_test_mask.png,.gif,skipped,output PNG already exists,True,,,,,,
E:\ca_apsrg_retinal_project\data\raw\Retinal Vessel\DRIVE\DRIVE\test\mask\13_test_mask.gif,E:\ca_apsrg_retinal_project\data\working_png\DRIVE\DRIVE\test\mask\13_test_mask.png,.gif,skipped,output PNG already exists,True,,,,,,
E:\ca_apsrg_retinal_project\data\raw\Retinal Vessel\DRIVE\DRIVE\test\mask\14_test_mask.gif,E:\ca_apsrg_retinal_project\data\working_png\DRIVE\DRIVE\test\mask\14_test_mask.png,.gif,skipped,output PNG already exists,True,,,,,,
E:\ca_apsrg_retinal_project\data\raw\Retinal Vessel\DRIVE\DRIVE\test\mask\15_test_mask.gif,E:\ca_apsrg_retinal_project\data\working_png\DRIVE\DRIVE\test\mask\15_test_mask.png,.gif,skipped,output PNG already exists,True,,,,,,
E:\ca_apsrg_retinal_project\data\raw\Retinal Vessel\DRIVE\DRIVE\test\mask\16_test_mask.gif,E:\ca_apsrg_retinal_project\data\working_png\DRIVE\DRIVE\test\mask\16_test_mask.png,.gif,skipped,output PNG already exists,True,,,,,,
E:\ca_apsrg_retinal_project\data\raw\Retinal Vessel\DRIVE\DRIVE\test\mask\17_test_mask.gif,E:\ca_apsrg_retinal_project\data\working_png\DRIVE\DRIVE\test\mask\17_test_mask.png,.gif,skipped,output PNG already exists,True,,,,,,
E:\ca_apsrg_retinal_project\data\raw\Retinal Vessel\DRIVE\DRIVE\test\mask\18_test_mask.gif,E:\ca_apsrg_retinal_project\data\working_png\DRIVE\DRIVE\test\mask\18_test_mask.png,.gif,skipped,output PNG already exists,True,,,,,,
E:\ca_apsrg_retinal_project\data\raw\Retinal Vessel\DRIVE\DRIVE\test\mask\19_test_mask.gif,E:\ca_apsrg_retinal_project\data\working_png\DRIVE\DRIVE\test\mask\19_test_mask.png,.gif,skipped,output PNG already exists,True,,,,,,
E:\ca_apsrg_retinal_project\data\raw\Retinal Vessel\DRIVE\DRIVE\test\mask\20_test_mask.gif,E:\ca_apsrg_retinal_project\data\working_png\DRIVE\DRIVE\test\mask\20_test_mask.png,.gif,skipped,output PNG already exists,True,,,,,,
E:\ca_apsrg_retinal_project\data\raw\Retinal Vessel\DRIVE\DRIVE\training\1st_manual\21_manual1.gif,E:\ca_apsrg_retinal_project\data\working_png\DRIVE\DRIVE\training\1st_manual\21_manual1.png,.gif,skipped,output PNG already exists,True,,,,,,
E:\ca_apsrg_retinal_project\data\raw\Retinal Vessel\DRIVE\DRIVE\training\1st_manual\22_manual1.gif,E:\ca_apsrg_retinal_project\data\working_png\DRIVE\DRIVE\training\1st_manual\22_manual1.png,.gif,skipped,output PNG already exists,True,,,,,,
E:\ca_apsrg_retinal_project\data\raw\Retinal Vessel\DRIVE\DRIVE\training\1st_manual\23_manual1.gif,E:\ca_apsrg_retinal_project\data\working_png\DRIVE\DRIVE\training\1st_manual\23_manual1.png,.gif,skipped,output PNG already exists,True,,,,,,
E:\ca_apsrg_retinal_project\data\raw\Retinal Vessel\DRIVE\DRIVE\training\1st_manual\24_manual1.gif,E:\ca_apsrg_retinal_project\data\working_png\DRIVE\DRIVE\training\1st_manual\24_manual1.png,.gif,skipped,output PNG already exists,True,,,,,,
E:\ca_apsrg_retinal_project\data\raw\Retinal Vessel\DRIVE\DRIVE\training\1st_manual\25_manual1.gif,E:\ca_apsrg_retinal_project\data\working_png\DRIVE\DRIVE\training\1st_manual\25_manual1.png,.gif,skipped,output PNG already exists,True,,,,,,
E:\ca_apsrg_retinal_project\data\raw\Retinal Vessel\DRIVE\DRIVE\training\1st_manual\26_manual1.gif,E:\ca_apsrg_retinal_project\data\working_png\DRIVE\DRIVE\training\1st_manual\26_manual1.png,.gif,skipped,output PNG already exists,True,,,,,,
E:\ca_apsrg_retinal_project\data\raw\Retinal Vessel\DRIVE\DRIVE\training\1st_manual\27_manual1.gif,E:\ca_apsrg_retinal_project\data\working_png\DRIVE\DRIVE\training\1st_manual\27_manual1.png,.gif,skipped,output PNG already exists,True,,,,,,
E:\ca_apsrg_retinal_project\data\raw\Retinal Vessel\DRIVE\DRIVE\training\1st_manual\28_manual1.gif,E:\ca_apsrg_retinal_project\data\working_png\DRIVE\DRIVE\training\1st_manual\28_manual1.png,.gif,skipped,output PNG already exists,True,,,,,,
E:\ca_apsrg_retinal_project\data\raw\Retinal Vessel\DRIVE\DRIVE\training\1st_manual\29_manual1.gif,E:\ca_apsrg_retinal_project\data\working_png\DRIVE\DRIVE\training\1st_manual\29_manual1.png,.gif,skipped,output PNG already exists,True,,,,,,
E:\ca_apsrg_retinal_project\data\raw\Retinal Vessel\DRIVE\DRIVE\training\1st_manual\30_manual1.gif,E:\ca_apsrg_retinal_project\data\working_png\DRIVE\DRIVE\training\1st_manual\30_manual1.png,.gif,skipped,output PNG already exists,True,,,,,,
E:\ca_apsrg_retinal_project\data\raw\Retinal Vessel\DRIVE\DRIVE\training\1st_manual\31_manual1.gif,E:\ca_apsrg_retinal_project\data\working_png\DRIVE\DRIVE\training\1st_manual\31_manual1.png,.gif,skipped,output PNG already exists,True,,,,,,
E:\ca_apsrg_retinal_project\data\raw\Retinal Vessel\DRIVE\DRIVE\training\1st_manual\32_manual1.gif,E:\ca_apsrg_retinal_project\data\working_png\DRIVE\DRIVE\training\1st_manual\32_manual1.png,.gif,skipped,output PNG already exists,True,,,,,,
E:\ca_apsrg_retinal_project\data\raw\Retinal Vessel\DRIVE\DRIVE\training\1st_manual\33_manual1.gif,E:\ca_apsrg_retinal_project\data\working_png\DRIVE\DRIVE\training\1st_manual\33_manual1.png,.gif,skipped,output PNG already exists,True,,,,,,
E:\ca_apsrg_retinal_project\data\raw\Retinal Vessel\DRIVE\DRIVE\training\1st_manual\34_manual1.gif,E:\ca_apsrg_retinal_project\data\working_png\DRIVE\DRIVE\training\1st_manual\34_manual1.png,.gif,skipped,output PNG already exists,True,,,,,,
E:\ca_apsrg_retinal_project\data\raw\Retinal Vessel\DRIVE\DRIVE\training\1st_manual\35_manual1.gif,E:\ca_apsrg_retinal_project\data\working_png\DRIVE\DRIVE\training\1st_manual\35_manual1.png,.gif,skipped,output PNG already exists,True,,,,,,
E:\ca_apsrg_retinal_project\data\raw\Retinal Vessel\DRIVE\DRIVE\training\1st_manual\36_manual1.gif,E:\ca_apsrg_retinal_project\data\working_png\DRIVE\DRIVE\training\1st_manual\36_manual1.png,.gif,skipped,output PNG already exists,True,,,,,,
E:\ca_apsrg_retinal_project\data\raw\Retinal Vessel\DRIVE\DRIVE\training\1st_manual\37_manual1.gif,E:\ca_apsrg_retinal_project\data\working_png\DRIVE\DRIVE\training\1st_manual\37_manual1.png,.gif,skipped,output PNG already exists,True,,,,,,
E:\ca_apsrg_retinal_project\data\raw\Retinal Vessel\DRIVE\DRIVE\training\1st_manual\38_manual1.gif,E:\ca_apsrg_retinal_project\data\working_png\DRIVE\DRIVE\training\1st_manual\38_manual1.png,.gif,skipped,output PNG already exists,True,,,,,,
E:\ca_apsrg_retinal_project\data\raw\Retinal Vessel\DRIVE\DRIVE\training\1st_manual\39_manual1.gif,E:\ca_apsrg_retinal_project\data\working_png\DRIVE\DRIVE\training\1st_manual\39_manual1.png,.gif,skipped,output PNG already exists,True,,,,,,
E:\ca_apsrg_retinal_project\data\raw\Retinal Vessel\DRIVE\DRIVE\training\1st_manual\40_manual1.gif,E:\ca_apsrg_retinal_project\data\working_png\DRIVE\DRIVE\training\1st_manual\40_manual1.png,.gif,skipped,output PNG already exists,True,,,,,,
E:\ca_apsrg_retinal_project\data\raw\Retinal Vessel\DRIVE\DRIVE\training\images\21_training.tif,E:\ca_apsrg_retinal_project\data\working_png\DRIVE\DRIVE\training\images\21_training.png,.tif,skipped,output PNG already exists,False,,,,,,
E:\ca_apsrg_retinal_project\data\raw\Retinal Vessel\DRIVE\DRIVE\training\images\22_training.tif,E:\ca_apsrg_retinal_project\data\working_png\DRIVE\DRIVE\training\images\22_training.png,.tif,skipped,output PNG already exists,False,,,,,,
E:\ca_apsrg_retinal_project\data\raw\Retinal Vessel\DRIVE\DRIVE\training\images\23_training.tif,E:\ca_apsrg_retinal_project\data\working_png\DRIVE\DRIVE\training\images\23_training.png,.tif,skipped,output PNG already exists,False,,,,,,
E:\ca_apsrg_retinal_project\data\raw\Retinal Vessel\DRIVE\DRIVE\training\images\24_training.tif,E:\ca_apsrg_retinal_project\data\working_png\DRIVE\DRIVE\training\images\24_training.png,.tif,skipped,output PNG already exists,False,,,,,,
E:\ca_apsrg_retinal_project\data\raw\Retinal Vessel\DRIVE\DRIVE\training\images\25_training.tif,E:\ca_apsrg_retinal_project\data\working_png\DRIVE\DRIVE\training\images\25_training.png,.tif,skipped,output PNG already exists,False,,,,,,
E:\ca_apsrg_retinal_project\data\raw\Retinal Vessel\DRIVE\DRIVE\training\images\26_training.tif,E:\ca_apsrg_retinal_project\data\working_png\DRIVE\DRIVE\training\images\26_training.png,.tif,skipped,output PNG already exists,False,,,,,,
E:\ca_apsrg_retinal_project\data\raw\Retinal Vessel\DRIVE\DRIVE\training\images\27_training.tif,E:\ca_apsrg_retinal_project\data\working_png\DRIVE\DRIVE\training\images\27_training.png,.tif,skipped,output PNG already exists,False,,,,,,
E:\ca_apsrg_retinal_project\data\raw\Retinal Vessel\DRIVE\DRIVE\training\images\28_training.tif,E:\ca_apsrg_retinal_project\data\working_png\DRIVE\DRIVE\training\images\28_training.png,.tif,skipped,output PNG already exists,False,,,,,,
E:\ca_apsrg_retinal_project\data\raw\Retinal Vessel\DRIVE\DRIVE\training\images\29_training.tif,E:\ca_apsrg_retinal_project\data\working_png\DRIVE\DRIVE\training\images\29_training.png,.tif,skipped,output PNG already exists,False,,,,,,
E:\ca_apsrg_retinal_project\data\raw\Retinal Vessel\DRIVE\DRIVE\training\images\30_training.tif,E:\ca_apsrg_retinal_project\data\working_png\DRIVE\DRIVE\training\images\30_training.png,.tif,skipped,output PNG already exists,False,,,,,,
E:\ca_apsrg_retinal_project\data\raw\Retinal Vessel\DRIVE\DRIVE\training\images\31_training.tif,E:\ca_apsrg_retinal_project\data\working_png\DRIVE\DRIVE\training\images\31_training.png,.tif,skipped,output PNG already exists,False,,,,,,
E:\ca_apsrg_retinal_project\data\raw\Retinal Vessel\DRIVE\DRIVE\training\images\32_training.tif,E:\ca_apsrg_retinal_project\data\working_png\DRIVE\DRIVE\training\images\32_training.png,.tif,skipped,output PNG already exists,False,,,,,,
E:\ca_apsrg_retinal_project\data\raw\Retinal Vessel\DRIVE\DRIVE\training\images\33_training.tif,E:\ca_apsrg_retinal_project\data\working_png\DRIVE\DRIVE\training\images\33_training.png,.tif,skipped,output PNG already exists,False,,,,,,
E:\ca_apsrg_retinal_project\data\raw\Retinal Vessel\DRIVE\DRIVE\training\images\34_training.tif,E:\ca_apsrg_retinal_project\data\working_png\DRIVE\DRIVE\training\images\34_training.png,.tif,skipped,output PNG already exists,False,,,,,,
E:\ca_apsrg_retinal_project\data\raw\Retinal Vessel\DRIVE\DRIVE\training\images\35_training.tif,E:\ca_apsrg_retinal_project\data\working_png\DRIVE\DRIVE\training\images\35_training.png,.tif,skipped,output PNG already exists,False,,,,,,
E:\ca_apsrg_retinal_project\data\raw\Retinal Vessel\DRIVE\DRIVE\training\images\36_training.tif,E:\ca_apsrg_retinal_project\data\working_png\DRIVE\DRIVE\training\images\36_training.png,.tif,skipped,output PNG already exists,False,,,,,,
E:\ca_apsrg_retinal_project\data\raw\Retinal Vessel\DRIVE\DRIVE\training\images\37_training.tif,E:\ca_apsrg_retinal_project\data\working_png\DRIVE\DRIVE\training\images\37_training.png,.tif,skipped,output PNG already exists,False,,,,,,
E:\ca_apsrg_retinal_project\data\raw\Retinal Vessel\DRIVE\DRIVE\training\images\38_training.tif,E:\ca_apsrg_retinal_project\data\working_png\DRIVE\DRIVE\training\images\38_training.png,.tif,skipped,output PNG already exists,False,,,,,,
E:\ca_apsrg_retinal_project\data\raw\Retinal Vessel\DRIVE\DRIVE\training\images\39_training.tif,E:\ca_apsrg_retinal_project\data\working_png\DRIVE\DRIVE\training\images\39_training.png,.tif,skipped,output PNG already exists,False,,,,,,
E:\ca_apsrg_retinal_project\data\raw\Retinal Vessel\DRIVE\DRIVE\training\images\40_training.tif,E:\ca_apsrg_retinal_project\data\working_png\DRIVE\DRIVE\training\images\40_training.png,.tif,skipped,output PNG already exists,False,,,,,,
E:\ca_apsrg_retinal_project\data\raw\Retinal Vessel\DRIVE\DRIVE\training\mask\21_training_mask.gif,E:\ca_apsrg_retinal_project\data\working_png\DRIVE\DRIVE\training\mask\21_training_mask.png,.gif,skipped,output PNG already exists,True,,,,,,
E:\ca_apsrg_retinal_project\data\raw\Retinal Vessel\DRIVE\DRIVE\training\mask\22_training_mask.gif,E:\ca_apsrg_retinal_project\data\working_png\DRIVE\DRIVE\training\mask\22_training_mask.png,.gif,skipped,output PNG already exists,True,,,,,,
E:\ca_apsrg_retinal_project\data\raw\Retinal Vessel\DRIVE\DRIVE\training\mask\23_training_mask.gif,E:\ca_apsrg_retinal_project\data\working_png\DRIVE\DRIVE\training\mask\23_training_mask.png,.gif,skipped,output PNG already exists,True,,,,,,
E:\ca_apsrg_retinal_project\data\raw\Retinal Vessel\DRIVE\DRIVE\training\mask\24_training_mask.gif,E:\ca_apsrg_retinal_project\data\working_png\DRIVE\DRIVE\training\mask\24_training_mask.png,.gif,skipped,output PNG already exists,True,,,,,,
E:\ca_apsrg_retinal_project\data\raw\Retinal Vessel\DRIVE\DRIVE\training\mask\25_training_mask.gif,E:\ca_apsrg_retinal_project\data\working_png\DRIVE\DRIVE\training\mask\25_training_mask.png,.gif,skipped,output PNG already exists,True,,,,,,
E:\ca_apsrg_retinal_project\data\raw\Retinal Vessel\DRIVE\DRIVE\training\mask\26_training_mask.gif,E:\ca_apsrg_retinal_project\data\working_png\DRIVE\DRIVE\training\mask\26_training_mask.png,.gif,skipped,output PNG already exists,True,,,,,,
E:\ca_apsrg_retinal_project\data\raw\Retinal Vessel\DRIVE\DRIVE\training\mask\27_training_mask.gif,E:\ca_apsrg_retinal_project\data\working_png\DRIVE\DRIVE\training\mask\27_training_mask.png,.gif,skipped,output PNG already exists,True,,,,,,
E:\ca_apsrg_retinal_project\data\raw\Retinal Vessel\DRIVE\DRIVE\training\mask\28_training_mask.gif,E:\ca_apsrg_retinal_project\data\working_png\DRIVE\DRIVE\training\mask\28_training_mask.png,.gif,skipped,output PNG already exists,True,,,,,,
E:\ca_apsrg_retinal_project\data\raw\Retinal Vessel\DRIVE\DRIVE\training\mask\29_training_mask.gif,E:\ca_apsrg_retinal_project\data\working_png\DRIVE\DRIVE\training\mask\29_training_mask.png,.gif,skipped,output PNG already exists,True,,,,,,
E:\ca_apsrg_retinal_project\data\raw\Retinal Vessel\DRIVE\DRIVE\training\mask\30_training_mask.gif,E:\ca_apsrg_retinal_project\data\working_png\DRIVE\DRIVE\training\mask\30_training_mask.png,.gif,skipped,output PNG already exists,True,,,,,,
E:\ca_apsrg_retinal_project\data\raw\Retinal Vessel\DRIVE\DRIVE\training\mask\31_training_mask.gif,E:\ca_apsrg_retinal_project\data\working_png\DRIVE\DRIVE\training\mask\31_training_mask.png,.gif,skipped,output PNG already exists,True,,,,,,
E:\ca_apsrg_retinal_project\data\raw\Retinal Vessel\DRIVE\DRIVE\training\mask\32_training_mask.gif,E:\ca_apsrg_retinal_project\data\working_png\DRIVE\DRIVE\training\mask\32_training_mask.png,.gif,skipped,output PNG already exists,True,,,,,,
E:\ca_apsrg_retinal_project\data\raw\Retinal Vessel\DRIVE\DRIVE\training\mask\33_training_mask.gif,E:\ca_apsrg_retinal_project\data\working_png\DRIVE\DRIVE\training\mask\33_training_mask.png,.gif,skipped,output PNG already exists,True,,,,,,
E:\ca_apsrg_retinal_project\data\raw\Retinal Vessel\DRIVE\DRIVE\training\mask\34_training_mask.gif,E:\ca_apsrg_retinal_project\data\working_png\DRIVE\DRIVE\training\mask\34_training_mask.png,.gif,skipped,output PNG already exists,True,,,,,,
E:\ca_apsrg_retinal_project\data\raw\Retinal Vessel\DRIVE\DRIVE\training\mask\35_training_mask.gif,E:\ca_apsrg_retinal_project\data\working_png\DRIVE\DRIVE\training\mask\35_training_mask.png,.gif,skipped,output PNG already exists,True,,,,,,
E:\ca_apsrg_retinal_project\data\raw\Retinal Vessel\DRIVE\DRIVE\training\mask\36_training_mask.gif,E:\ca_apsrg_retinal_project\data\working_png\DRIVE\DRIVE\training\mask\36_training_mask.png,.gif,skipped,output PNG already exists,True,,,,,,
E:\ca_apsrg_retinal_project\data\raw\Retinal Vessel\DRIVE\DRIVE\training\mask\37_training_mask.gif,E:\ca_apsrg_retinal_project\data\working_png\DRIVE\DRIVE\training\mask\37_training_mask.png,.gif,skipped,output PNG already exists,True,,,,,,
E:\ca_apsrg_retinal_project\data\raw\Retinal Vessel\DRIVE\DRIVE\training\mask\38_training_mask.gif,E:\ca_apsrg_retinal_project\data\working_png\DRIVE\DRIVE\training\mask\38_training_mask.png,.gif,skipped,output PNG already exists,True,,,,,,
E:\ca_apsrg_retinal_project\data\raw\Retinal Vessel\DRIVE\DRIVE\training\mask\39_training_mask.gif,E:\ca_apsrg_retinal_project\data\working_png\DRIVE\DRIVE\training\mask\39_training_mask.png,.gif,skipped,output PNG already exists,True,,,,,,
E:\ca_apsrg_retinal_project\data\raw\Retinal Vessel\DRIVE\DRIVE\training\mask\40_training_mask.gif,E:\ca_apsrg_retinal_project\data\working_png\DRIVE\DRIVE\training\mask\40_training_mask.png,.gif,skipped,output PNG already exists,True,,,,,,
E:\ca_apsrg_retinal_project\data\raw\Retinal Vessel\STARE\stare.7z,,.7z,skipped,archive file,False,,,,,,
E:\ca_apsrg_retinal_project\data\raw\Retinal Vessel\STARE\stare\labelppm_ah\im0001.ah.ppm,E:\ca_apsrg_retinal_project\data\working_png\STARE\stare\labelppm_ah\im0001.ah.png,.ppm,skipped,output PNG already exists,True,,,,,,
E:\ca_apsrg_retinal_project\data\raw\Retinal Vessel\STARE\stare\labelppm_ah\im0002.ah.ppm,E:\ca_apsrg_retinal_project\data\working_png\STARE\stare\labelppm_ah\im0002.ah.png,.ppm,skipped,output PNG already exists,True,,,,,,
E:\ca_apsrg_retinal_project\data\raw\Retinal Vessel\STARE\stare\labelppm_ah\im0003.ah.ppm,E:\ca_apsrg_retinal_project\data\working_png\STARE\stare\labelppm_ah\im0003.ah.png,.ppm,skipped,output PNG already exists,True,,,,,,
E:\ca_apsrg_retinal_project\data\raw\Retinal Vessel\STARE\stare\labelppm_ah\im0004.ah.ppm,E:\ca_apsrg_retinal_project\data\working_png\STARE\stare\labelppm_ah\im0004.ah.png,.ppm,skipped,output PNG already exists,True,,,,,,
E:\ca_apsrg_retinal_project\data\raw\Retinal Vessel\STARE\stare\labelppm_ah\im0005.ah.ppm,E:\ca_apsrg_retinal_project\data\working_png\STARE\stare\labelppm_ah\im0005.ah.png,.ppm,skipped,output PNG already exists,True,,,,,,
E:\ca_apsrg_retinal_project\data\raw\Retinal Vessel\STARE\stare\labelppm_ah\im0044.ah.ppm,E:\ca_apsrg_retinal_project\data\working_png\STARE\stare\labelppm_ah\im0044.ah.png,.ppm,skipped,output PNG already exists,True,,,,,,
E:\ca_apsrg_retinal_project\data\raw\Retinal Vessel\STARE\stare\labelppm_ah\im0077.ah.ppm,E:\ca_apsrg_retinal_project\data\working_png\STARE\stare\labelppm_ah\im0077.ah.png,.ppm,skipped,output PNG already exists,True,,,,,,
E:\ca_apsrg_retinal_project\data\raw\Retinal Vessel\STARE\stare\labelppm_ah\im0081.ah.ppm,E:\ca_apsrg_retinal_project\data\working_png\STARE\stare\labelppm_ah\im0081.ah.png,.ppm,skipped,output PNG already exists,True,,,,,,
E:\ca_apsrg_retinal_project\data\raw\Retinal Vessel\STARE\stare\labelppm_ah\im0082.ah.ppm,E:\ca_apsrg_retinal_project\data\working_png\STARE\stare\labelppm_ah\im0082.ah.png,.ppm,skipped,output PNG already exists,True,,,,,,
E:\ca_apsrg_retinal_project\data\raw\Retinal Vessel\STARE\stare\labelppm_ah\im0139.ah.ppm,E:\ca_apsrg_retinal_project\data\working_png\STARE\stare\labelppm_ah\im0139.ah.png,.ppm,skipped,output PNG already exists,True,,,,,,
E:\ca_apsrg_retinal_project\data\raw\Retinal Vessel\STARE\stare\labelppm_ah\im0162.ah.ppm,E:\ca_apsrg_retinal_project\data\working_png\STARE\stare\labelppm_ah\im0162.ah.png,.ppm,skipped,output PNG already exists,True,,,,,,
E:\ca_apsrg_retinal_project\data\raw\Retinal Vessel\STARE\stare\labelppm_ah\im0163.ah.ppm,E:\ca_apsrg_retinal_project\data\working_png\STARE\stare\labelppm_ah\im0163.ah.png,.ppm,skipped,output PNG already exists,True,,,,,,
E:\ca_apsrg_retinal_project\data\raw\Retinal Vessel\STARE\stare\labelppm_ah\im0235.ah.ppm,E:\ca_apsrg_retinal_project\data\working_png\STARE\stare\labelppm_ah\im0235.ah.png,.ppm,skipped,output PNG already exists,True,,,,,,
E:\ca_apsrg_retinal_project\data\raw\Retinal Vessel\STARE\stare\labelppm_ah\im0236.ah.ppm,E:\ca_apsrg_retinal_project\data\working_png\STARE\stare\labelppm_ah\im0236.ah.png,.ppm,skipped,output PNG already exists,True,,,,,,
E:\ca_apsrg_retinal_project\data\raw\Retinal Vessel\STARE\stare\labelppm_ah\im0239.ah.ppm,E:\ca_apsrg_retinal_project\data\working_png\STARE\stare\labelppm_ah\im0239.ah.png,.ppm,skipped,output PNG already exists,True,,,,,,
E:\ca_apsrg_retinal_project\data\raw\Retinal Vessel\STARE\stare\labelppm_ah\im0240.ah.ppm,E:\ca_apsrg_retinal_project\data\working_png\STARE\stare\labelppm_ah\im0240.ah.png,.ppm,skipped,output PNG already exists,True,,,,,,
E:\ca_apsrg_retinal_project\data\raw\Retinal Vessel\STARE\stare\labelppm_ah\im0255.ah.ppm,E:\ca_apsrg_retinal_project\data\working_png\STARE\stare\labelppm_ah\im0255.ah.png,.ppm,skipped,output PNG already exists,True,,,,,,
E:\ca_apsrg_retinal_project\data\raw\Retinal Vessel\STARE\stare\labelppm_ah\im0291.ah.ppm,E:\ca_apsrg_retinal_project\data\working_png\STARE\stare\labelppm_ah\im0291.ah.png,.ppm,skipped,output PNG already exists,True,,,,,,
E:\ca_apsrg_retinal_project\data\raw\Retinal Vessel\STARE\stare\labelppm_ah\im0319.ah.ppm,E:\ca_apsrg_retinal_project\data\working_png\STARE\stare\labelppm_ah\im0319.ah.png,.ppm,skipped,output PNG already exists,True,,,,,,
E:\ca_apsrg_retinal_project\data\raw\Retinal Vessel\STARE\stare\labelppm_ah\im0324.ah.ppm,E:\ca_apsrg_retinal_project\data\working_png\STARE\stare\labelppm_ah\im0324.ah.png,.ppm,skipped,output PNG already exists,True,,,,,,
E:\ca_apsrg_retinal_project\data\raw\Retinal Vessel\STARE\stare\labelppm_vk\im0001.vk.ppm,E:\ca_apsrg_retinal_project\data\working_png\STARE\stare\labelppm_vk\im0001.vk.png,.ppm,skipped,output PNG already exists,True,,,,,,
E:\ca_apsrg_retinal_project\data\raw\Retinal Vessel\STARE\stare\labelppm_vk\im0002.vk.ppm,E:\ca_apsrg_retinal_project\data\working_png\STARE\stare\labelppm_vk\im0002.vk.png,.ppm,skipped,output PNG already exists,True,,,,,,
E:\ca_apsrg_retinal_project\data\raw\Retinal Vessel\STARE\stare\labelppm_vk\im0003.vk.ppm,E:\ca_apsrg_retinal_project\data\working_png\STARE\stare\labelppm_vk\im0003.vk.png,.ppm,skipped,output PNG already exists,True,,,,,,
E:\ca_apsrg_retinal_project\data\raw\Retinal Vessel\STARE\stare\labelppm_vk\im0004.vk.ppm,E:\ca_apsrg_retinal_project\data\working_png\STARE\stare\labelppm_vk\im0004.vk.png,.ppm,skipped,output PNG already exists,True,,,,,,
E:\ca_apsrg_retinal_project\data\raw\Retinal Vessel\STARE\stare\labelppm_vk\im0005.vk.ppm,E:\ca_apsrg_retinal_project\data\working_png\STARE\stare\labelppm_vk\im0005.vk.png,.ppm,skipped,output PNG already exists,True,,,,,,
E:\ca_apsrg_retinal_project\data\raw\Retinal Vessel\STARE\stare\labelppm_vk\im0044.vk.ppm,E:\ca_apsrg_retinal_project\data\working_png\STARE\stare\labelppm_vk\im0044.vk.png,.ppm,skipped,output PNG already exists,True,,,,,,
E:\ca_apsrg_retinal_project\data\raw\Retinal Vessel\STARE\stare\labelppm_vk\im0077.vk.ppm,E:\ca_apsrg_retinal_project\data\working_png\STARE\stare\labelppm_vk\im0077.vk.png,.ppm,skipped,output PNG already exists,True,,,,,,
E:\ca_apsrg_retinal_project\data\raw\Retinal Vessel\STARE\stare\labelppm_vk\im0081.vk.ppm,E:\ca_apsrg_retinal_project\data\working_png\STARE\stare\labelppm_vk\im0081.vk.png,.ppm,skipped,output PNG already exists,True,,,,,,
E:\ca_apsrg_retinal_project\data\raw\Retinal Vessel\STARE\stare\labelppm_vk\im0082.vk.ppm,E:\ca_apsrg_retinal_project\data\working_png\STARE\stare\labelppm_vk\im0082.vk.png,.ppm,skipped,output PNG already exists,True,,,,,,
E:\ca_apsrg_retinal_project\data\raw\Retinal Vessel\STARE\stare\labelppm_vk\im0139.vk.ppm,E:\ca_apsrg_retinal_project\data\working_png\STARE\stare\labelppm_vk\im0139.vk.png,.ppm,skipped,output PNG already exists,True,,,,,,
E:\ca_apsrg_retinal_project\data\raw\Retinal Vessel\STARE\stare\labelppm_vk\im0162.vk.ppm,E:\ca_apsrg_retinal_project\data\working_png\STARE\stare\labelppm_vk\im0162.vk.png,.ppm,skipped,output PNG already exists,True,,,,,,
E:\ca_apsrg_retinal_project\data\raw\Retinal Vessel\STARE\stare\labelppm_vk\im0163.vk.ppm,E:\ca_apsrg_retinal_project\data\working_png\STARE\stare\labelppm_vk\im0163.vk.png,.ppm,skipped,output PNG already exists,True,,,,,,
E:\ca_apsrg_retinal_project\data\raw\Retinal Vessel\STARE\stare\labelppm_vk\im0235.vk.ppm,E:\ca_apsrg_retinal_project\data\working_png\STARE\stare\labelppm_vk\im0235.vk.png,.ppm,skipped,output PNG already exists,True,,,,,,
E:\ca_apsrg_retinal_project\data\raw\Retinal Vessel\STARE\stare\labelppm_vk\im0236.vk.ppm,E:\ca_apsrg_retinal_project\data\working_png\STARE\stare\labelppm_vk\im0236.vk.png,.ppm,skipped,output PNG already exists,True,,,,,,
E:\ca_apsrg_retinal_project\data\raw\Retinal Vessel\STARE\stare\labelppm_vk\im0239.vk.ppm,E:\ca_apsrg_retinal_project\data\working_png\STARE\stare\labelppm_vk\im0239.vk.png,.ppm,skipped,output PNG already exists,True,,,,,,
E:\ca_apsrg_retinal_project\data\raw\Retinal Vessel\STARE\stare\labelppm_vk\im0240.vk.ppm,E:\ca_apsrg_retinal_project\data\working_png\STARE\stare\labelppm_vk\im0240.vk.png,.ppm,skipped,output PNG already exists,True,,,,,,
E:\ca_apsrg_retinal_project\data\raw\Retinal Vessel\STARE\stare\labelppm_vk\im0255.vk.ppm,E:\ca_apsrg_retinal_project\data\working_png\STARE\stare\labelppm_vk\im0255.vk.png,.ppm,skipped,output PNG already exists,True,,,,,,
E:\ca_apsrg_retinal_project\data\raw\Retinal Vessel\STARE\stare\labelppm_vk\im0291.vk.ppm,E:\ca_apsrg_retinal_project\data\working_png\STARE\stare\labelppm_vk\im0291.vk.png,.ppm,skipped,output PNG already exists,True,,,,,,
E:\ca_apsrg_retinal_project\data\raw\Retinal Vessel\STARE\stare\labelppm_vk\im0319.vk.ppm,E:\ca_apsrg_retinal_project\data\working_png\STARE\stare\labelppm_vk\im0319.vk.png,.ppm,skipped,output PNG already exists,True,,,,,,
E:\ca_apsrg_retinal_project\data\raw\Retinal Vessel\STARE\stare\labelppm_vk\im0324.vk.ppm,E:\ca_apsrg_retinal_project\data\working_png\STARE\stare\labelppm_vk\im0324.vk.png,.ppm,skipped,output PNG already exists,True,,,,,,
E:\ca_apsrg_retinal_project\data\raw\Retinal Vessel\STARE\stare\labels-ah.tar,,.tar,skipped,archive file,False,,,,,,
E:\ca_apsrg_retinal_project\data\raw\Retinal Vessel\STARE\stare\labels-ah\im0001.ah.ppm,E:\ca_apsrg_retinal_project\data\working_png\STARE\stare\labels-ah\im0001.ah.png,.ppm,skipped,output PNG already exists,True,,,,,,
E:\ca_apsrg_retinal_project\data\raw\Retinal Vessel\STARE\stare\labels-ah\im0001.ah.ppm.gz,,.gz,skipped,archive file,False,,,,,,
E:\ca_apsrg_retinal_project\data\raw\Retinal Vessel\STARE\stare\labels-ah\im0002.ah.ppm,E:\ca_apsrg_retinal_project\data\working_png\STARE\stare\labels-ah\im0002.ah.png,.ppm,skipped,output PNG already exists,True,,,,,,
E:\ca_apsrg_retinal_project\data\raw\Retinal Vessel\STARE\stare\labels-ah\im0002.ah.ppm.gz,,.gz,skipped,archive file,False,,,,,,
E:\ca_apsrg_retinal_project\data\raw\Retinal Vessel\STARE\stare\labels-ah\im0003.ah.ppm,E:\ca_apsrg_retinal_project\data\working_png\STARE\stare\labels-ah\im0003.ah.png,.ppm,skipped,output PNG already exists,True,,,,,,
E:\ca_apsrg_retinal_project\data\raw\Retinal Vessel\STARE\stare\labels-ah\im0003.ah.ppm.gz,,.gz,skipped,archive file,False,,,,,,
E:\ca_apsrg_retinal_project\data\raw\Retinal Vessel\STARE\stare\labels-ah\im0004.ah.ppm,E:\ca_apsrg_retinal_project\data\working_png\STARE\stare\labels-ah\im0004.ah.png,.ppm,skipped,output PNG already exists,True,,,,,,
E:\ca_apsrg_retinal_project\data\raw\Retinal Vessel\STARE\stare\labels-ah\im0004.ah.ppm.gz,,.gz,skipped,archive file,False,,,,,,
E:\ca_apsrg_retinal_project\data\raw\Retinal Vessel\STARE\stare\labels-ah\im0005.ah.ppm,E:\ca_apsrg_retinal_project\data\working_png\STARE\stare\labels-ah\im0005.ah.png,.ppm,skipped,output PNG already exists,True,,,,,,
E:\ca_apsrg_retinal_project\data\raw\Retinal Vessel\STARE\stare\labels-ah\im0005.ah.ppm.gz,,.gz,skipped,archive file,False,,,,,,
E:\ca_apsrg_retinal_project\data\raw\Retinal Vessel\STARE\stare\labels-ah\im0044.ah.ppm,E:\ca_apsrg_retinal_project\data\working_png\STARE\stare\labels-ah\im0044.ah.png,.ppm,skipped,output PNG already exists,True,,,,,,
E:\ca_apsrg_retinal_project\data\raw\Retinal Vessel\STARE\stare\labels-ah\im0044.ah.ppm.gz,,.gz,skipped,archive file,False,,,,,,
E:\ca_apsrg_retinal_project\data\raw\Retinal Vessel\STARE\stare\labels-ah\im0077.ah.ppm,E:\ca_apsrg_retinal_project\data\working_png\STARE\stare\labels-ah\im0077.ah.png,.ppm,skipped,output PNG already exists,True,,,,,,
E:\ca_apsrg_retinal_project\data\raw\Retinal Vessel\STARE\stare\labels-ah\im0077.ah.ppm.gz,,.gz,skipped,archive file,False,,,,,,
E:\ca_apsrg_retinal_project\data\raw\Retinal Vessel\STARE\stare\labels-ah\im0081.ah.ppm,E:\ca_apsrg_retinal_project\data\working_png\STARE\stare\labels-ah\im0081.ah.png,.ppm,skipped,output PNG already exists,True,,,,,,
E:\ca_apsrg_retinal_project\data\raw\Retinal Vessel\STARE\stare\labels-ah\im0081.ah.ppm.gz,,.gz,skipped,archive file,False,,,,,,
E:\ca_apsrg_retinal_project\data\raw\Retinal Vessel\STARE\stare\labels-ah\im0082.ah.ppm,E:\ca_apsrg_retinal_project\data\working_png\STARE\stare\labels-ah\im0082.ah.png,.ppm,skipped,output PNG already exists,True,,,,,,
E:\ca_apsrg_retinal_project\data\raw\Retinal Vessel\STARE\stare\labels-ah\im0082.ah.ppm.gz,,.gz,skipped,archive file,False,,,,,,
E:\ca_apsrg_retinal_project\data\raw\Retinal Vessel\STARE\stare\labels-ah\im0139.ah.ppm,E:\ca_apsrg_retinal_project\data\working_png\STARE\stare\labels-ah\im0139.ah.png,.ppm,skipped,output PNG already exists,True,,,,,,
E:\ca_apsrg_retinal_project\data\raw\Retinal Vessel\STARE\stare\labels-ah\im0139.ah.ppm.gz,,.gz,skipped,archive file,False,,,,,,
E:\ca_apsrg_retinal_project\data\raw\Retinal Vessel\STARE\stare\labels-ah\im0162.ah.ppm,E:\ca_apsrg_retinal_project\data\working_png\STARE\stare\labels-ah\im0162.ah.png,.ppm,skipped,output PNG already exists,True,,,,,,
E:\ca_apsrg_retinal_project\data\raw\Retinal Vessel\STARE\stare\labels-ah\im0162.ah.ppm.gz,,.gz,skipped,archive file,False,,,,,,
E:\ca_apsrg_retinal_project\data\raw\Retinal Vessel\STARE\stare\labels-ah\im0163.ah.ppm,E:\ca_apsrg_retinal_project\data\working_png\STARE\stare\labels-ah\im0163.ah.png,.ppm,skipped,output PNG already exists,True,,,,,,
E:\ca_apsrg_retinal_project\data\raw\Retinal Vessel\STARE\stare\labels-ah\im0163.ah.ppm.gz,,.gz,skipped,archive file,False,,,,,,
E:\ca_apsrg_retinal_project\data\raw\Retinal Vessel\STARE\stare\labels-ah\im0235.ah.ppm,E:\ca_apsrg_retinal_project\data\working_png\STARE\stare\labels-ah\im0235.ah.png,.ppm,skipped,output PNG already exists,True,,,,,,
E:\ca_apsrg_retinal_project\data\raw\Retinal Vessel\STARE\stare\labels-ah\im0235.ah.ppm.gz,,.gz,skipped,archive file,False,,,,,,
E:\ca_apsrg_retinal_project\data\raw\Retinal Vessel\STARE\stare\labels-ah\im0236.ah.ppm,E:\ca_apsrg_retinal_project\data\working_png\STARE\stare\labels-ah\im0236.ah.png,.ppm,skipped,output PNG already exists,True,,,,,,
E:\ca_apsrg_retinal_project\data\raw\Retinal Vessel\STARE\stare\labels-ah\im0236.ah.ppm.gz,,.gz,skipped,archive file,False,,,,,,
E:\ca_apsrg_retinal_project\data\raw\Retinal Vessel\STARE\stare\labels-ah\im0239.ah.ppm,E:\ca_apsrg_retinal_project\data\working_png\STARE\stare\labels-ah\im0239.ah.png,.ppm,skipped,output PNG already exists,True,,,,,,
E:\ca_apsrg_retinal_project\data\raw\Retinal Vessel\STARE\stare\labels-ah\im0239.ah.ppm.gz,,.gz,skipped,archive file,False,,,,,,
E:\ca_apsrg_retinal_project\data\raw\Retinal Vessel\STARE\stare\labels-ah\im0240.ah.ppm,E:\ca_apsrg_retinal_project\data\working_png\STARE\stare\labels-ah\im0240.ah.png,.ppm,skipped,output PNG already exists,True,,,,,,
E:\ca_apsrg_retinal_project\data\raw\Retinal Vessel\STARE\stare\labels-ah\im0240.ah.ppm.gz,,.gz,skipped,archive file,False,,,,,,
E:\ca_apsrg_retinal_project\data\raw\Retinal Vessel\STARE\stare\labels-ah\im0255.ah.ppm,E:\ca_apsrg_retinal_project\data\working_png\STARE\stare\labels-ah\im0255.ah.png,.ppm,skipped,output PNG already exists,True,,,,,,
E:\ca_apsrg_retinal_project\data\raw\Retinal Vessel\STARE\stare\labels-ah\im0255.ah.ppm.gz,,.gz,skipped,archive file,False,,,,,,
E:\ca_apsrg_retinal_project\data\raw\Retinal Vessel\STARE\stare\labels-ah\im0291.ah.ppm,E:\ca_apsrg_retinal_project\data\working_png\STARE\stare\labels-ah\im0291.ah.png,.ppm,skipped,output PNG already exists,True,,,,,,
E:\ca_apsrg_retinal_project\data\raw\Retinal Vessel\STARE\stare\labels-ah\im0291.ah.ppm.gz,,.gz,skipped,archive file,False,,,,,,
E:\ca_apsrg_retinal_project\data\raw\Retinal Vessel\STARE\stare\labels-ah\im0319.ah.ppm,E:\ca_apsrg_retinal_project\data\working_png\STARE\stare\labels-ah\im0319.ah.png,.ppm,skipped,output PNG already exists,True,,,,,,
E:\ca_apsrg_retinal_project\data\raw\Retinal Vessel\STARE\stare\labels-ah\im0319.ah.ppm.gz,,.gz,skipped,archive file,False,,,,,,
E:\ca_apsrg_retinal_project\data\raw\Retinal Vessel\STARE\stare\labels-ah\im0324.ah.ppm,E:\ca_apsrg_retinal_project\data\working_png\STARE\stare\labels-ah\im0324.ah.png,.ppm,skipped,output PNG already exists,True,,,,,,
E:\ca_apsrg_retinal_project\data\raw\Retinal Vessel\STARE\stare\labels-ah\im0324.ah.ppm.gz,,.gz,skipped,archive file,False,,,,,,
E:\ca_apsrg_retinal_project\data\raw\Retinal Vessel\STARE\stare\labels-vk.tar,,.tar,skipped,archive file,False,,,,,,
E:\ca_apsrg_retinal_project\data\raw\Retinal Vessel\STARE\stare\labels-vk\im0001.vk.ppm,E:\ca_apsrg_retinal_project\data\working_png\STARE\stare\labels-vk\im0001.vk.png,.ppm,skipped,output PNG already exists,True,,,,,,
E:\ca_apsrg_retinal_project\data\raw\Retinal Vessel\STARE\stare\labels-vk\im0001.vk.ppm.gz,,.gz,skipped,archive file,False,,,,,,
E:\ca_apsrg_retinal_project\data\raw\Retinal Vessel\STARE\stare\labels-vk\im0002.vk.ppm,E:\ca_apsrg_retinal_project\data\working_png\STARE\stare\labels-vk\im0002.vk.png,.ppm,skipped,output PNG already exists,True,,,,,,
E:\ca_apsrg_retinal_project\data\raw\Retinal Vessel\STARE\stare\labels-vk\im0002.vk.ppm.gz,,.gz,skipped,archive file,False,,,,,,
E:\ca_apsrg_retinal_project\data\raw\Retinal Vessel\STARE\stare\labels-vk\im0003.vk.ppm,E:\ca_apsrg_retinal_project\data\working_png\STARE\stare\labels-vk\im0003.vk.png,.ppm,skipped,output PNG already exists,True,,,,,,
E:\ca_apsrg_retinal_project\data\raw\Retinal Vessel\STARE\stare\labels-vk\im0003.vk.ppm.gz,,.gz,skipped,archive file,False,,,,,,
E:\ca_apsrg_retinal_project\data\raw\Retinal Vessel\STARE\stare\labels-vk\im0004.vk.ppm,E:\ca_apsrg_retinal_project\data\working_png\STARE\stare\labels-vk\im0004.vk.png,.ppm,skipped,output PNG already exists,True,,,,,,
E:\ca_apsrg_retinal_project\data\raw\Retinal Vessel\STARE\stare\labels-vk\im0004.vk.ppm.gz,,.gz,skipped,archive file,False,,,,,,
E:\ca_apsrg_retinal_project\data\raw\Retinal Vessel\STARE\stare\labels-vk\im0005.vk.ppm,E:\ca_apsrg_retinal_project\data\working_png\STARE\stare\labels-vk\im0005.vk.png,.ppm,skipped,output PNG already exists,True,,,,,,
E:\ca_apsrg_retinal_project\data\raw\Retinal Vessel\STARE\stare\labels-vk\im0005.vk.ppm.gz,,.gz,skipped,archive file,False,,,,,,
E:\ca_apsrg_retinal_project\data\raw\Retinal Vessel\STARE\stare\labels-vk\im0044.vk.ppm,E:\ca_apsrg_retinal_project\data\working_png\STARE\stare\labels-vk\im0044.vk.png,.ppm,skipped,output PNG already exists,True,,,,,,
E:\ca_apsrg_retinal_project\data\raw\Retinal Vessel\STARE\stare\labels-vk\im0044.vk.ppm.gz,,.gz,skipped,archive file,False,,,,,,
E:\ca_apsrg_retinal_project\data\raw\Retinal Vessel\STARE\stare\labels-vk\im0077.vk.ppm,E:\ca_apsrg_retinal_project\data\working_png\STARE\stare\labels-vk\im0077.vk.png,.ppm,skipped,output PNG already exists,True,,,,,,
E:\ca_apsrg_retinal_project\data\raw\Retinal Vessel\STARE\stare\labels-vk\im0077.vk.ppm.gz,,.gz,skipped,archive file,False,,,,,,
E:\ca_apsrg_retinal_project\data\raw\Retinal Vessel\STARE\stare\labels-vk\im0081.vk.ppm,E:\ca_apsrg_retinal_project\data\working_png\STARE\stare\labels-vk\im0081.vk.png,.ppm,skipped,output PNG already exists,True,,,,,,
E:\ca_apsrg_retinal_project\data\raw\Retinal Vessel\STARE\stare\labels-vk\im0081.vk.ppm.gz,,.gz,skipped,archive file,False,,,,,,
E:\ca_apsrg_retinal_project\data\raw\Retinal Vessel\STARE\stare\labels-vk\im0082.vk.ppm,E:\ca_apsrg_retinal_project\data\working_png\STARE\stare\labels-vk\im0082.vk.png,.ppm,skipped,output PNG already exists,True,,,,,,
E:\ca_apsrg_retinal_project\data\raw\Retinal Vessel\STARE\stare\labels-vk\im0082.vk.ppm.gz,,.gz,skipped,archive file,False,,,,,,
E:\ca_apsrg_retinal_project\data\raw\Retinal Vessel\STARE\stare\labels-vk\im0139.vk.ppm,E:\ca_apsrg_retinal_project\data\working_png\STARE\stare\labels-vk\im0139.vk.png,.ppm,skipped,output PNG already exists,True,,,,,,
E:\ca_apsrg_retinal_project\data\raw\Retinal Vessel\STARE\stare\labels-vk\im0139.vk.ppm.gz,,.gz,skipped,archive file,False,,,,,,
E:\ca_apsrg_retinal_project\data\raw\Retinal Vessel\STARE\stare\labels-vk\im0162.vk.ppm,E:\ca_apsrg_retinal_project\data\working_png\STARE\stare\labels-vk\im0162.vk.png,.ppm,skipped,output PNG already exists,True,,,,,,
E:\ca_apsrg_retinal_project\data\raw\Retinal Vessel\STARE\stare\labels-vk\im0162.vk.ppm.gz,,.gz,skipped,archive file,False,,,,,,
E:\ca_apsrg_retinal_project\data\raw\Retinal Vessel\STARE\stare\labels-vk\im0163.vk.ppm,E:\ca_apsrg_retinal_project\data\working_png\STARE\stare\labels-vk\im0163.vk.png,.ppm,skipped,output PNG already exists,True,,,,,,
E:\ca_apsrg_retinal_project\data\raw\Retinal Vessel\STARE\stare\labels-vk\im0163.vk.ppm.gz,,.gz,skipped,archive file,False,,,,,,
E:\ca_apsrg_retinal_project\data\raw\Retinal Vessel\STARE\stare\labels-vk\im0235.vk.ppm,E:\ca_apsrg_retinal_project\data\working_png\STARE\stare\labels-vk\im0235.vk.png,.ppm,skipped,output PNG already exists,True,,,,,,
E:\ca_apsrg_retinal_project\data\raw\Retinal Vessel\STARE\stare\labels-vk\im0235.vk.ppm.gz,,.gz,skipped,archive file,False,,,,,,
E:\ca_apsrg_retinal_project\data\raw\Retinal Vessel\STARE\stare\labels-vk\im0236.vk.ppm,E:\ca_apsrg_retinal_project\data\working_png\STARE\stare\labels-vk\im0236.vk.png,.ppm,skipped,output PNG already exists,True,,,,,,
E:\ca_apsrg_retinal_project\data\raw\Retinal Vessel\STARE\stare\labels-vk\im0236.vk.ppm.gz,,.gz,skipped,archive file,False,,,,,,
E:\ca_apsrg_retinal_project\data\raw\Retinal Vessel\STARE\stare\labels-vk\im0239.vk.ppm,E:\ca_apsrg_retinal_project\data\working_png\STARE\stare\labels-vk\im0239.vk.png,.ppm,skipped,output PNG already exists,True,,,,,,
E:\ca_apsrg_retinal_project\data\raw\Retinal Vessel\STARE\stare\labels-vk\im0239.vk.ppm.gz,,.gz,skipped,archive file,False,,,,,,
E:\ca_apsrg_retinal_project\data\raw\Retinal Vessel\STARE\stare\labels-vk\im0240.vk.ppm,E:\ca_apsrg_retinal_project\data\working_png\STARE\stare\labels-vk\im0240.vk.png,.ppm,skipped,output PNG already exists,True,,,,,,
E:\ca_apsrg_retinal_project\data\raw\Retinal Vessel\STARE\stare\labels-vk\im0240.vk.ppm.gz,,.gz,skipped,archive file,False,,,,,,
E:\ca_apsrg_retinal_project\data\raw\Retinal Vessel\STARE\stare\labels-vk\im0255.vk.ppm,E:\ca_apsrg_retinal_project\data\working_png\STARE\stare\labels-vk\im0255.vk.png,.ppm,skipped,output PNG already exists,True,,,,,,
E:\ca_apsrg_retinal_project\data\raw\Retinal Vessel\STARE\stare\labels-vk\im0255.vk.ppm.gz,,.gz,skipped,archive file,False,,,,,,
E:\ca_apsrg_retinal_project\data\raw\Retinal Vessel\STARE\stare\labels-vk\im0291.vk.ppm,E:\ca_apsrg_retinal_project\data\working_png\STARE\stare\labels-vk\im0291.vk.png,.ppm,skipped,output PNG already exists,True,,,,,,
E:\ca_apsrg_retinal_project\data\raw\Retinal Vessel\STARE\stare\labels-vk\im0291.vk.ppm.gz,,.gz,skipped,archive file,False,,,,,,
E:\ca_apsrg_retinal_project\data\raw\Retinal Vessel\STARE\stare\labels-vk\im0319.vk.ppm,E:\ca_apsrg_retinal_project\data\working_png\STARE\stare\labels-vk\im0319.vk.png,.ppm,skipped,output PNG already exists,True,,,,,,
E:\ca_apsrg_retinal_project\data\raw\Retinal Vessel\STARE\stare\labels-vk\im0319.vk.ppm.gz,,.gz,skipped,archive file,False,,,,,,
E:\ca_apsrg_retinal_project\data\raw\Retinal Vessel\STARE\stare\labels-vk\im0324.vk.ppm,E:\ca_apsrg_retinal_project\data\working_png\STARE\stare\labels-vk\im0324.vk.png,.ppm,skipped,output PNG already exists,True,,,,,,
E:\ca_apsrg_retinal_project\data\raw\Retinal Vessel\STARE\stare\labels-vk\im0324.vk.ppm.gz,,.gz,skipped,archive file,False,,,,,,
E:\ca_apsrg_retinal_project\data\raw\Retinal Vessel\STARE\stare\pngdata\im0001.png,E:\ca_apsrg_retinal_project\data\working_png\STARE\stare\pngdata\im0001.png,.png,skipped,output PNG already exists,False,,,,,,
E:\ca_apsrg_retinal_project\data\raw\Retinal Vessel\STARE\stare\pngdata\im0002.png,E:\ca_apsrg_retinal_project\data\working_png\STARE\stare\pngdata\im0002.png,.png,skipped,output PNG already exists,False,,,,,,
E:\ca_apsrg_retinal_project\data\raw\Retinal Vessel\STARE\stare\pngdata\im0003.png,E:\ca_apsrg_retinal_project\data\working_png\STARE\stare\pngdata\im0003.png,.png,skipped,output PNG already exists,False,,,,,,
E:\ca_apsrg_retinal_project\data\raw\Retinal Vessel\STARE\stare\pngdata\im0004.png,E:\ca_apsrg_retinal_project\data\working_png\STARE\stare\pngdata\im0004.png,.png,skipped,output PNG already exists,False,,,,,,
E:\ca_apsrg_retinal_project\data\raw\Retinal Vessel\STARE\stare\pngdata\im0005.png,E:\ca_apsrg_retinal_project\data\working_png\STARE\stare\pngdata\im0005.png,.png,skipped,output PNG already exists,False,,,,,,
E:\ca_apsrg_retinal_project\data\raw\Retinal Vessel\STARE\stare\pngdata\im0044.png,E:\ca_apsrg_retinal_project\data\working_png\STARE\stare\pngdata\im0044.png,.png,skipped,output PNG already exists,False,,,,,,
E:\ca_apsrg_retinal_project\data\raw\Retinal Vessel\STARE\stare\pngdata\im0077.png,E:\ca_apsrg_retinal_project\data\working_png\STARE\stare\pngdata\im0077.png,.png,skipped,output PNG already exists,False,,,,,,
E:\ca_apsrg_retinal_project\data\raw\Retinal Vessel\STARE\stare\pngdata\im0081.png,E:\ca_apsrg_retinal_project\data\working_png\STARE\stare\pngdata\im0081.png,.png,skipped,output PNG already exists,False,,,,,,
E:\ca_apsrg_retinal_project\data\raw\Retinal Vessel\STARE\stare\pngdata\im0082.png,E:\ca_apsrg_retinal_project\data\working_png\STARE\stare\pngdata\im0082.png,.png,skipped,output PNG already exists,False,,,,,,
E:\ca_apsrg_retinal_project\data\raw\Retinal Vessel\STARE\stare\pngdata\im0139.png,E:\ca_apsrg_retinal_project\data\working_png\STARE\stare\pngdata\im0139.png,.png,skipped,output PNG already exists,False,,,,,,
E:\ca_apsrg_retinal_project\data\raw\Retinal Vessel\STARE\stare\pngdata\im0162.png,E:\ca_apsrg_retinal_project\data\working_png\STARE\stare\pngdata\im0162.png,.png,skipped,output PNG already exists,False,,,,,,
E:\ca_apsrg_retinal_project\data\raw\Retinal Vessel\STARE\stare\pngdata\im0163.png,E:\ca_apsrg_retinal_project\data\working_png\STARE\stare\pngdata\im0163.png,.png,skipped,output PNG already exists,False,,,,,,
E:\ca_apsrg_retinal_project\data\raw\Retinal Vessel\STARE\stare\pngdata\im0235.png,E:\ca_apsrg_retinal_project\data\working_png\STARE\stare\pngdata\im0235.png,.png,skipped,output PNG already exists,False,,,,,,
E:\ca_apsrg_retinal_project\data\raw\Retinal Vessel\STARE\stare\pngdata\im0236.png,E:\ca_apsrg_retinal_project\data\working_png\STARE\stare\pngdata\im0236.png,.png,skipped,output PNG already exists,False,,,,,,
E:\ca_apsrg_retinal_project\data\raw\Retinal Vessel\STARE\stare\pngdata\im0239.png,E:\ca_apsrg_retinal_project\data\working_png\STARE\stare\pngdata\im0239.png,.png,skipped,output PNG already exists,False,,,,,,
E:\ca_apsrg_retinal_project\data\raw\Retinal Vessel\STARE\stare\pngdata\im0240.png,E:\ca_apsrg_retinal_project\data\working_png\STARE\stare\pngdata\im0240.png,.png,skipped,output PNG already exists,False,,,,,,
E:\ca_apsrg_retinal_project\data\raw\Retinal Vessel\STARE\stare\pngdata\im0255.png,E:\ca_apsrg_retinal_project\data\working_png\STARE\stare\pngdata\im0255.png,.png,skipped,output PNG already exists,False,,,,,,
E:\ca_apsrg_retinal_project\data\raw\Retinal Vessel\STARE\stare\pngdata\im0291.png,E:\ca_apsrg_retinal_project\data\working_png\STARE\stare\pngdata\im0291.png,.png,skipped,output PNG already exists,False,,,,,,
E:\ca_apsrg_retinal_project\data\raw\Retinal Vessel\STARE\stare\pngdata\im0319.png,E:\ca_apsrg_retinal_project\data\working_png\STARE\stare\pngdata\im0319.png,.png,skipped,output PNG already exists,False,,,,,,
E:\ca_apsrg_retinal_project\data\raw\Retinal Vessel\STARE\stare\pngdata\im0324.png,E:\ca_apsrg_retinal_project\data\working_png\STARE\stare\pngdata\im0324.png,.png,skipped,output PNG already exists,False,,,,,,
E:\ca_apsrg_retinal_project\data\raw\Retinal Vessel\STARE\stare\pnglabel_ah\im0001.png,E:\ca_apsrg_retinal_project\data\working_png\STARE\stare\pnglabel_ah\im0001.png,.png,skipped,output PNG already exists,True,,,,,,
E:\ca_apsrg_retinal_project\data\raw\Retinal Vessel\STARE\stare\pnglabel_ah\im0001_2ndHO.png,E:\ca_apsrg_retinal_project\data\working_png\STARE\stare\pnglabel_ah\im0001_2ndHO.png,.png,skipped,output PNG already exists,True,,,,,,
E:\ca_apsrg_retinal_project\data\raw\Retinal Vessel\STARE\stare\pnglabel_ah\im0002.png,E:\ca_apsrg_retinal_project\data\working_png\STARE\stare\pnglabel_ah\im0002.png,.png,skipped,output PNG already exists,True,,,,,,
E:\ca_apsrg_retinal_project\data\raw\Retinal Vessel\STARE\stare\pnglabel_ah\im0002_2ndHO.png,E:\ca_apsrg_retinal_project\data\working_png\STARE\stare\pnglabel_ah\im0002_2ndHO.png,.png,skipped,output PNG already exists,True,,,,,,
E:\ca_apsrg_retinal_project\data\raw\Retinal Vessel\STARE\stare\pnglabel_ah\im0003.png,E:\ca_apsrg_retinal_project\data\working_png\STARE\stare\pnglabel_ah\im0003.png,.png,skipped,output PNG already exists,True,,,,,,
E:\ca_apsrg_retinal_project\data\raw\Retinal Vessel\STARE\stare\pnglabel_ah\im0003_2ndHO.png,E:\ca_apsrg_retinal_project\data\working_png\STARE\stare\pnglabel_ah\im0003_2ndHO.png,.png,skipped,output PNG already exists,True,,,,,,
E:\ca_apsrg_retinal_project\data\raw\Retinal Vessel\STARE\stare\pnglabel_ah\im0004.png,E:\ca_apsrg_retinal_project\data\working_png\STARE\stare\pnglabel_ah\im0004.png,.png,skipped,output PNG already exists,True,,,,,,
E:\ca_apsrg_retinal_project\data\raw\Retinal Vessel\STARE\stare\pnglabel_ah\im0004_2ndHO.png,E:\ca_apsrg_retinal_project\data\working_png\STARE\stare\pnglabel_ah\im0004_2ndHO.png,.png,skipped,output PNG already exists,True,,,,,,
E:\ca_apsrg_retinal_project\data\raw\Retinal Vessel\STARE\stare\pnglabel_ah\im0005.png,E:\ca_apsrg_retinal_project\data\working_png\STARE\stare\pnglabel_ah\im0005.png,.png,skipped,output PNG already exists,True,,,,,,
E:\ca_apsrg_retinal_project\data\raw\Retinal Vessel\STARE\stare\pnglabel_ah\im0005_2ndHO.png,E:\ca_apsrg_retinal_project\data\working_png\STARE\stare\pnglabel_ah\im0005_2ndHO.png,.png,skipped,output PNG already exists,True,,,,,,
E:\ca_apsrg_retinal_project\data\raw\Retinal Vessel\STARE\stare\pnglabel_ah\im0044.png,E:\ca_apsrg_retinal_project\data\working_png\STARE\stare\pnglabel_ah\im0044.png,.png,skipped,output PNG already exists,True,,,,,,
E:\ca_apsrg_retinal_project\data\raw\Retinal Vessel\STARE\stare\pnglabel_ah\im0044_2ndHO.png,E:\ca_apsrg_retinal_project\data\working_png\STARE\stare\pnglabel_ah\im0044_2ndHO.png,.png,skipped,output PNG already exists,True,,,,,,
E:\ca_apsrg_retinal_project\data\raw\Retinal Vessel\STARE\stare\pnglabel_ah\im0077.png,E:\ca_apsrg_retinal_project\data\working_png\STARE\stare\pnglabel_ah\im0077.png,.png,skipped,output PNG already exists,True,,,,,,
E:\ca_apsrg_retinal_project\data\raw\Retinal Vessel\STARE\stare\pnglabel_ah\im0077_2ndHO.png,E:\ca_apsrg_retinal_project\data\working_png\STARE\stare\pnglabel_ah\im0077_2ndHO.png,.png,skipped,output PNG already exists,True,,,,,,
E:\ca_apsrg_retinal_project\data\raw\Retinal Vessel\STARE\stare\pnglabel_ah\im0081.png,E:\ca_apsrg_retinal_project\data\working_png\STARE\stare\pnglabel_ah\im0081.png,.png,skipped,output PNG already exists,True,,,,,,
E:\ca_apsrg_retinal_project\data\raw\Retinal Vessel\STARE\stare\pnglabel_ah\im0081_2ndHO.png,E:\ca_apsrg_retinal_project\data\working_png\STARE\stare\pnglabel_ah\im0081_2ndHO.png,.png,skipped,output PNG already exists,True,,,,,,
E:\ca_apsrg_retinal_project\data\raw\Retinal Vessel\STARE\stare\pnglabel_ah\im0082.png,E:\ca_apsrg_retinal_project\data\working_png\STARE\stare\pnglabel_ah\im0082.png,.png,skipped,output PNG already exists,True,,,,,,
E:\ca_apsrg_retinal_project\data\raw\Retinal Vessel\STARE\stare\pnglabel_ah\im0082_2ndHO.png,E:\ca_apsrg_retinal_project\data\working_png\STARE\stare\pnglabel_ah\im0082_2ndHO.png,.png,skipped,output PNG already exists,True,,,,,,
E:\ca_apsrg_retinal_project\data\raw\Retinal Vessel\STARE\stare\pnglabel_ah\im0139.png,E:\ca_apsrg_retinal_project\data\working_png\STARE\stare\pnglabel_ah\im0139.png,.png,skipped,output PNG already exists,True,,,,,,
E:\ca_apsrg_retinal_project\data\raw\Retinal Vessel\STARE\stare\pnglabel_ah\im0139_2ndHO.png,E:\ca_apsrg_retinal_project\data\working_png\STARE\stare\pnglabel_ah\im0139_2ndHO.png,.png,skipped,output PNG already exists,True,,,,,,
E:\ca_apsrg_retinal_project\data\raw\Retinal Vessel\STARE\stare\pnglabel_ah\im0162.png,E:\ca_apsrg_retinal_project\data\working_png\STARE\stare\pnglabel_ah\im0162.png,.png,skipped,output PNG already exists,True,,,,,,
E:\ca_apsrg_retinal_project\data\raw\Retinal Vessel\STARE\stare\pnglabel_ah\im0162_2ndHO.png,E:\ca_apsrg_retinal_project\data\working_png\STARE\stare\pnglabel_ah\im0162_2ndHO.png,.png,skipped,output PNG already exists,True,,,,,,
E:\ca_apsrg_retinal_project\data\raw\Retinal Vessel\STARE\stare\pnglabel_ah\im0163.png,E:\ca_apsrg_retinal_project\data\working_png\STARE\stare\pnglabel_ah\im0163.png,.png,skipped,output PNG already exists,True,,,,,,
E:\ca_apsrg_retinal_project\data\raw\Retinal Vessel\STARE\stare\pnglabel_ah\im0163_2ndHO.png,E:\ca_apsrg_retinal_project\data\working_png\STARE\stare\pnglabel_ah\im0163_2ndHO.png,.png,skipped,output PNG already exists,True,,,,,,
E:\ca_apsrg_retinal_project\data\raw\Retinal Vessel\STARE\stare\pnglabel_ah\im0235.png,E:\ca_apsrg_retinal_project\data\working_png\STARE\stare\pnglabel_ah\im0235.png,.png,skipped,output PNG already exists,True,,,,,,
E:\ca_apsrg_retinal_project\data\raw\Retinal Vessel\STARE\stare\pnglabel_ah\im0235_2ndHO.png,E:\ca_apsrg_retinal_project\data\working_png\STARE\stare\pnglabel_ah\im0235_2ndHO.png,.png,skipped,output PNG already exists,True,,,,,,
E:\ca_apsrg_retinal_project\data\raw\Retinal Vessel\STARE\stare\pnglabel_ah\im0236.png,E:\ca_apsrg_retinal_project\data\working_png\STARE\stare\pnglabel_ah\im0236.png,.png,skipped,output PNG already exists,True,,,,,,
E:\ca_apsrg_retinal_project\data\raw\Retinal Vessel\STARE\stare\pnglabel_ah\im0236_2ndHO.png,E:\ca_apsrg_retinal_project\data\working_png\STARE\stare\pnglabel_ah\im0236_2ndHO.png,.png,skipped,output PNG already exists,True,,,,,,
E:\ca_apsrg_retinal_project\data\raw\Retinal Vessel\STARE\stare\pnglabel_ah\im0239.png,E:\ca_apsrg_retinal_project\data\working_png\STARE\stare\pnglabel_ah\im0239.png,.png,skipped,output PNG already exists,True,,,,,,
E:\ca_apsrg_retinal_project\data\raw\Retinal Vessel\STARE\stare\pnglabel_ah\im0239_2ndHO.png,E:\ca_apsrg_retinal_project\data\working_png\STARE\stare\pnglabel_ah\im0239_2ndHO.png,.png,skipped,output PNG already exists,True,,,,,,
E:\ca_apsrg_retinal_project\data\raw\Retinal Vessel\STARE\stare\pnglabel_ah\im0240.png,E:\ca_apsrg_retinal_project\data\working_png\STARE\stare\pnglabel_ah\im0240.png,.png,skipped,output PNG already exists,True,,,,,,
E:\ca_apsrg_retinal_project\data\raw\Retinal Vessel\STARE\stare\pnglabel_ah\im0240_2ndHO.png,E:\ca_apsrg_retinal_project\data\working_png\STARE\stare\pnglabel_ah\im0240_2ndHO.png,.png,skipped,output PNG already exists,True,,,,,,
E:\ca_apsrg_retinal_project\data\raw\Retinal Vessel\STARE\stare\pnglabel_ah\im0255.png,E:\ca_apsrg_retinal_project\data\working_png\STARE\stare\pnglabel_ah\im0255.png,.png,skipped,output PNG already exists,True,,,,,,
E:\ca_apsrg_retinal_project\data\raw\Retinal Vessel\STARE\stare\pnglabel_ah\im0255_2ndHO.png,E:\ca_apsrg_retinal_project\data\working_png\STARE\stare\pnglabel_ah\im0255_2ndHO.png,.png,skipped,output PNG already exists,True,,,,,,
E:\ca_apsrg_retinal_project\data\raw\Retinal Vessel\STARE\stare\pnglabel_ah\im0291.png,E:\ca_apsrg_retinal_project\data\working_png\STARE\stare\pnglabel_ah\im0291.png,.png,skipped,output PNG already exists,True,,,,,,
E:\ca_apsrg_retinal_project\data\raw\Retinal Vessel\STARE\stare\pnglabel_ah\im0291_2ndHO.png,E:\ca_apsrg_retinal_project\data\working_png\STARE\stare\pnglabel_ah\im0291_2ndHO.png,.png,skipped,output PNG already exists,True,,,,,,
E:\ca_apsrg_retinal_project\data\raw\Retinal Vessel\STARE\stare\pnglabel_ah\im0319.png,E:\ca_apsrg_retinal_project\data\working_png\STARE\stare\pnglabel_ah\im0319.png,.png,skipped,output PNG already exists,True,,,,,,
E:\ca_apsrg_retinal_project\data\raw\Retinal Vessel\STARE\stare\pnglabel_ah\im0319_2ndHO.png,E:\ca_apsrg_retinal_project\data\working_png\STARE\stare\pnglabel_ah\im0319_2ndHO.png,.png,skipped,output PNG already exists,True,,,,,,
E:\ca_apsrg_retinal_project\data\raw\Retinal Vessel\STARE\stare\pnglabel_ah\im0324.png,E:\ca_apsrg_retinal_project\data\working_png\STARE\stare\pnglabel_ah\im0324.png,.png,skipped,output PNG already exists,True,,,,,,
E:\ca_apsrg_retinal_project\data\raw\Retinal Vessel\STARE\stare\pnglabel_ah\im0324_2ndHO.png,E:\ca_apsrg_retinal_project\data\working_png\STARE\stare\pnglabel_ah\im0324_2ndHO.png,.png,skipped,output PNG already exists,True,,,,,,
E:\ca_apsrg_retinal_project\data\raw\Retinal Vessel\STARE\stare\pnglabel_vk\im0001.png,E:\ca_apsrg_retinal_project\data\working_png\STARE\stare\pnglabel_vk\im0001.png,.png,skipped,output PNG already exists,True,,,,,,
E:\ca_apsrg_retinal_project\data\raw\Retinal Vessel\STARE\stare\pnglabel_vk\im0001_1stHO.png,E:\ca_apsrg_retinal_project\data\working_png\STARE\stare\pnglabel_vk\im0001_1stHO.png,.png,skipped,output PNG already exists,True,,,,,,
E:\ca_apsrg_retinal_project\data\raw\Retinal Vessel\STARE\stare\pnglabel_vk\im0002.png,E:\ca_apsrg_retinal_project\data\working_png\STARE\stare\pnglabel_vk\im0002.png,.png,skipped,output PNG already exists,True,,,,,,
E:\ca_apsrg_retinal_project\data\raw\Retinal Vessel\STARE\stare\pnglabel_vk\im0002_1stHO.png,E:\ca_apsrg_retinal_project\data\working_png\STARE\stare\pnglabel_vk\im0002_1stHO.png,.png,skipped,output PNG already exists,True,,,,,,
E:\ca_apsrg_retinal_project\data\raw\Retinal Vessel\STARE\stare\pnglabel_vk\im0003.png,E:\ca_apsrg_retinal_project\data\working_png\STARE\stare\pnglabel_vk\im0003.png,.png,skipped,output PNG already exists,True,,,,,,
E:\ca_apsrg_retinal_project\data\raw\Retinal Vessel\STARE\stare\pnglabel_vk\im0003_1stHO.png,E:\ca_apsrg_retinal_project\data\working_png\STARE\stare\pnglabel_vk\im0003_1stHO.png,.png,skipped,output PNG already exists,True,,,,,,
E:\ca_apsrg_retinal_project\data\raw\Retinal Vessel\STARE\stare\pnglabel_vk\im0004.png,E:\ca_apsrg_retinal_project\data\working_png\STARE\stare\pnglabel_vk\im0004.png,.png,skipped,output PNG already exists,True,,,,,,
E:\ca_apsrg_retinal_project\data\raw\Retinal Vessel\STARE\stare\pnglabel_vk\im0004_1stHO.png,E:\ca_apsrg_retinal_project\data\working_png\STARE\stare\pnglabel_vk\im0004_1stHO.png,.png,skipped,output PNG already exists,True,,,,,,
E:\ca_apsrg_retinal_project\data\raw\Retinal Vessel\STARE\stare\pnglabel_vk\im0005.png,E:\ca_apsrg_retinal_project\data\working_png\STARE\stare\pnglabel_vk\im0005.png,.png,skipped,output PNG already exists,True,,,,,,
E:\ca_apsrg_retinal_project\data\raw\Retinal Vessel\STARE\stare\pnglabel_vk\im0005_1stHO.png,E:\ca_apsrg_retinal_project\data\working_png\STARE\stare\pnglabel_vk\im0005_1stHO.png,.png,skipped,output PNG already exists,True,,,,,,
E:\ca_apsrg_retinal_project\data\raw\Retinal Vessel\STARE\stare\pnglabel_vk\im0044.png,E:\ca_apsrg_retinal_project\data\working_png\STARE\stare\pnglabel_vk\im0044.png,.png,skipped,output PNG already exists,True,,,,,,
E:\ca_apsrg_retinal_project\data\raw\Retinal Vessel\STARE\stare\pnglabel_vk\im0044_1stHO.png,E:\ca_apsrg_retinal_project\data\working_png\STARE\stare\pnglabel_vk\im0044_1stHO.png,.png,skipped,output PNG already exists,True,,,,,,
E:\ca_apsrg_retinal_project\data\raw\Retinal Vessel\STARE\stare\pnglabel_vk\im0077.png,E:\ca_apsrg_retinal_project\data\working_png\STARE\stare\pnglabel_vk\im0077.png,.png,skipped,output PNG already exists,True,,,,,,
E:\ca_apsrg_retinal_project\data\raw\Retinal Vessel\STARE\stare\pnglabel_vk\im0077_1stHO.png,E:\ca_apsrg_retinal_project\data\working_png\STARE\stare\pnglabel_vk\im0077_1stHO.png,.png,skipped,output PNG already exists,True,,,,,,
E:\ca_apsrg_retinal_project\data\raw\Retinal Vessel\STARE\stare\pnglabel_vk\im0081.png,E:\ca_apsrg_retinal_project\data\working_png\STARE\stare\pnglabel_vk\im0081.png,.png,skipped,output PNG already exists,True,,,,,,
E:\ca_apsrg_retinal_project\data\raw\Retinal Vessel\STARE\stare\pnglabel_vk\im0081_1stHO.png,E:\ca_apsrg_retinal_project\data\working_png\STARE\stare\pnglabel_vk\im0081_1stHO.png,.png,skipped,output PNG already exists,True,,,,,,
E:\ca_apsrg_retinal_project\data\raw\Retinal Vessel\STARE\stare\pnglabel_vk\im0082.png,E:\ca_apsrg_retinal_project\data\working_png\STARE\stare\pnglabel_vk\im0082.png,.png,skipped,output PNG already exists,True,,,,,,
E:\ca_apsrg_retinal_project\data\raw\Retinal Vessel\STARE\stare\pnglabel_vk\im0082_1stHO.png,E:\ca_apsrg_retinal_project\data\working_png\STARE\stare\pnglabel_vk\im0082_1stHO.png,.png,skipped,output PNG already exists,True,,,,,,
E:\ca_apsrg_retinal_project\data\raw\Retinal Vessel\STARE\stare\pnglabel_vk\im0139.png,E:\ca_apsrg_retinal_project\data\working_png\STARE\stare\pnglabel_vk\im0139.png,.png,skipped,output PNG already exists,True,,,,,,
E:\ca_apsrg_retinal_project\data\raw\Retinal Vessel\STARE\stare\pnglabel_vk\im0139_1stHO.png,E:\ca_apsrg_retinal_project\data\working_png\STARE\stare\pnglabel_vk\im0139_1stHO.png,.png,skipped,output PNG already exists,True,,,,,,
E:\ca_apsrg_retinal_project\data\raw\Retinal Vessel\STARE\stare\pnglabel_vk\im0162.png,E:\ca_apsrg_retinal_project\data\working_png\STARE\stare\pnglabel_vk\im0162.png,.png,skipped,output PNG already exists,True,,,,,,
E:\ca_apsrg_retinal_project\data\raw\Retinal Vessel\STARE\stare\pnglabel_vk\im0162_1stHO.png,E:\ca_apsrg_retinal_project\data\working_png\STARE\stare\pnglabel_vk\im0162_1stHO.png,.png,skipped,output PNG already exists,True,,,,,,
E:\ca_apsrg_retinal_project\data\raw\Retinal Vessel\STARE\stare\pnglabel_vk\im0163.png,E:\ca_apsrg_retinal_project\data\working_png\STARE\stare\pnglabel_vk\im0163.png,.png,skipped,output PNG already exists,True,,,,,,
E:\ca_apsrg_retinal_project\data\raw\Retinal Vessel\STARE\stare\pnglabel_vk\im0163_1stHO.png,E:\ca_apsrg_retinal_project\data\working_png\STARE\stare\pnglabel_vk\im0163_1stHO.png,.png,skipped,output PNG already exists,True,,,,,,
E:\ca_apsrg_retinal_project\data\raw\Retinal Vessel\STARE\stare\pnglabel_vk\im0235.png,E:\ca_apsrg_retinal_project\data\working_png\STARE\stare\pnglabel_vk\im0235.png,.png,skipped,output PNG already exists,True,,,,,,
E:\ca_apsrg_retinal_project\data\raw\Retinal Vessel\STARE\stare\pnglabel_vk\im0235_1stHO.png,E:\ca_apsrg_retinal_project\data\working_png\STARE\stare\pnglabel_vk\im0235_1stHO.png,.png,skipped,output PNG already exists,True,,,,,,
E:\ca_apsrg_retinal_project\data\raw\Retinal Vessel\STARE\stare\pnglabel_vk\im0236.png,E:\ca_apsrg_retinal_project\data\working_png\STARE\stare\pnglabel_vk\im0236.png,.png,skipped,output PNG already exists,True,,,,,,
E:\ca_apsrg_retinal_project\data\raw\Retinal Vessel\STARE\stare\pnglabel_vk\im0236_1stHO.png,E:\ca_apsrg_retinal_project\data\working_png\STARE\stare\pnglabel_vk\im0236_1stHO.png,.png,skipped,output PNG already exists,True,,,,,,
E:\ca_apsrg_retinal_project\data\raw\Retinal Vessel\STARE\stare\pnglabel_vk\im0239.png,E:\ca_apsrg_retinal_project\data\working_png\STARE\stare\pnglabel_vk\im0239.png,.png,skipped,output PNG already exists,True,,,,,,
E:\ca_apsrg_retinal_project\data\raw\Retinal Vessel\STARE\stare\pnglabel_vk\im0239_1stHO.png,E:\ca_apsrg_retinal_project\data\working_png\STARE\stare\pnglabel_vk\im0239_1stHO.png,.png,skipped,output PNG already exists,True,,,,,,
E:\ca_apsrg_retinal_project\data\raw\Retinal Vessel\STARE\stare\pnglabel_vk\im0240.png,E:\ca_apsrg_retinal_project\data\working_png\STARE\stare\pnglabel_vk\im0240.png,.png,skipped,output PNG already exists,True,,,,,,
E:\ca_apsrg_retinal_project\data\raw\Retinal Vessel\STARE\stare\pnglabel_vk\im0240_1stHO.png,E:\ca_apsrg_retinal_project\data\working_png\STARE\stare\pnglabel_vk\im0240_1stHO.png,.png,skipped,output PNG already exists,True,,,,,,
E:\ca_apsrg_retinal_project\data\raw\Retinal Vessel\STARE\stare\pnglabel_vk\im0255.png,E:\ca_apsrg_retinal_project\data\working_png\STARE\stare\pnglabel_vk\im0255.png,.png,skipped,output PNG already exists,True,,,,,,
E:\ca_apsrg_retinal_project\data\raw\Retinal Vessel\STARE\stare\pnglabel_vk\im0255_1stHO.png,E:\ca_apsrg_retinal_project\data\working_png\STARE\stare\pnglabel_vk\im0255_1stHO.png,.png,skipped,output PNG already exists,True,,,,,,
E:\ca_apsrg_retinal_project\data\raw\Retinal Vessel\STARE\stare\pnglabel_vk\im0291.png,E:\ca_apsrg_retinal_project\data\working_png\STARE\stare\pnglabel_vk\im0291.png,.png,skipped,output PNG already exists,True,,,,,,
E:\ca_apsrg_retinal_project\data\raw\Retinal Vessel\STARE\stare\pnglabel_vk\im0291_1stHO.png,E:\ca_apsrg_retinal_project\data\working_png\STARE\stare\pnglabel_vk\im0291_1stHO.png,.png,skipped,output PNG already exists,True,,,,,,
E:\ca_apsrg_retinal_project\data\raw\Retinal Vessel\STARE\stare\pnglabel_vk\im0319.png,E:\ca_apsrg_retinal_project\data\working_png\STARE\stare\pnglabel_vk\im0319.png,.png,skipped,output PNG already exists,True,,,,,,
E:\ca_apsrg_retinal_project\data\raw\Retinal Vessel\STARE\stare\pnglabel_vk\im0319_1stHO.png,E:\ca_apsrg_retinal_project\data\working_png\STARE\stare\pnglabel_vk\im0319_1stHO.png,.png,skipped,output PNG already exists,True,,,,,,
E:\ca_apsrg_retinal_project\data\raw\Retinal Vessel\STARE\stare\pnglabel_vk\im0324.png,E:\ca_apsrg_retinal_project\data\working_png\STARE\stare\pnglabel_vk\im0324.png,.png,skipped,output PNG already exists,True,,,,,,
E:\ca_apsrg_retinal_project\data\raw\Retinal Vessel\STARE\stare\pnglabel_vk\im0324_1stHO.png,E:\ca_apsrg_retinal_project\data\working_png\STARE\stare\pnglabel_vk\im0324_1stHO.png,.png,skipped,output PNG already exists,True,,,,,,
E:\ca_apsrg_retinal_project\data\raw\Retinal Vessel\STARE\stare\ppmdata\im0001.ppm,E:\ca_apsrg_retinal_project\data\working_png\STARE\stare\ppmdata\im0001.png,.ppm,skipped,output PNG already exists,False,,,,,,
E:\ca_apsrg_retinal_project\data\raw\Retinal Vessel\STARE\stare\ppmdata\im0002.ppm,E:\ca_apsrg_retinal_project\data\working_png\STARE\stare\ppmdata\im0002.png,.ppm,skipped,output PNG already exists,False,,,,,,
E:\ca_apsrg_retinal_project\data\raw\Retinal Vessel\STARE\stare\ppmdata\im0003.ppm,E:\ca_apsrg_retinal_project\data\working_png\STARE\stare\ppmdata\im0003.png,.ppm,skipped,output PNG already exists,False,,,,,,
E:\ca_apsrg_retinal_project\data\raw\Retinal Vessel\STARE\stare\ppmdata\im0004.ppm,E:\ca_apsrg_retinal_project\data\working_png\STARE\stare\ppmdata\im0004.png,.ppm,skipped,output PNG already exists,False,,,,,,
E:\ca_apsrg_retinal_project\data\raw\Retinal Vessel\STARE\stare\ppmdata\im0005.ppm,E:\ca_apsrg_retinal_project\data\working_png\STARE\stare\ppmdata\im0005.png,.ppm,skipped,output PNG already exists,False,,,,,,
E:\ca_apsrg_retinal_project\data\raw\Retinal Vessel\STARE\stare\ppmdata\im0044.ppm,E:\ca_apsrg_retinal_project\data\working_png\STARE\stare\ppmdata\im0044.png,.ppm,skipped,output PNG already exists,False,,,,,,
E:\ca_apsrg_retinal_project\data\raw\Retinal Vessel\STARE\stare\ppmdata\im0077.ppm,E:\ca_apsrg_retinal_project\data\working_png\STARE\stare\ppmdata\im0077.png,.ppm,skipped,output PNG already exists,False,,,,,,
E:\ca_apsrg_retinal_project\data\raw\Retinal Vessel\STARE\stare\ppmdata\im0081.ppm,E:\ca_apsrg_retinal_project\data\working_png\STARE\stare\ppmdata\im0081.png,.ppm,skipped,output PNG already exists,False,,,,,,
E:\ca_apsrg_retinal_project\data\raw\Retinal Vessel\STARE\stare\ppmdata\im0082.ppm,E:\ca_apsrg_retinal_project\data\working_png\STARE\stare\ppmdata\im0082.png,.ppm,skipped,output PNG already exists,False,,,,,,
E:\ca_apsrg_retinal_project\data\raw\Retinal Vessel\STARE\stare\ppmdata\im0139.ppm,E:\ca_apsrg_retinal_project\data\working_png\STARE\stare\ppmdata\im0139.png,.ppm,skipped,output PNG already exists,False,,,,,,
E:\ca_apsrg_retinal_project\data\raw\Retinal Vessel\STARE\stare\ppmdata\im0162.ppm,E:\ca_apsrg_retinal_project\data\working_png\STARE\stare\ppmdata\im0162.png,.ppm,skipped,output PNG already exists,False,,,,,,
E:\ca_apsrg_retinal_project\data\raw\Retinal Vessel\STARE\stare\ppmdata\im0163.ppm,E:\ca_apsrg_retinal_project\data\working_png\STARE\stare\ppmdata\im0163.png,.ppm,skipped,output PNG already exists,False,,,,,,
E:\ca_apsrg_retinal_project\data\raw\Retinal Vessel\STARE\stare\ppmdata\im0235.ppm,E:\ca_apsrg_retinal_project\data\working_png\STARE\stare\ppmdata\im0235.png,.ppm,skipped,output PNG already exists,False,,,,,,
E:\ca_apsrg_retinal_project\data\raw\Retinal Vessel\STARE\stare\ppmdata\im0236.ppm,E:\ca_apsrg_retinal_project\data\working_png\STARE\stare\ppmdata\im0236.png,.ppm,skipped,output PNG already exists,False,,,,,,
E:\ca_apsrg_retinal_project\data\raw\Retinal Vessel\STARE\stare\ppmdata\im0239.ppm,E:\ca_apsrg_retinal_project\data\working_png\STARE\stare\ppmdata\im0239.png,.ppm,skipped,output PNG already exists,False,,,,,,
E:\ca_apsrg_retinal_project\data\raw\Retinal Vessel\STARE\stare\ppmdata\im0240.ppm,E:\ca_apsrg_retinal_project\data\working_png\STARE\stare\ppmdata\im0240.png,.ppm,skipped,output PNG already exists,False,,,,,,
E:\ca_apsrg_retinal_project\data\raw\Retinal Vessel\STARE\stare\ppmdata\im0255.ppm,E:\ca_apsrg_retinal_project\data\working_png\STARE\stare\ppmdata\im0255.png,.ppm,skipped,output PNG already exists,False,,,,,,
E:\ca_apsrg_retinal_project\data\raw\Retinal Vessel\STARE\stare\ppmdata\im0291.ppm,E:\ca_apsrg_retinal_project\data\working_png\STARE\stare\ppmdata\im0291.png,.ppm,skipped,output PNG already exists,False,,,,,,
E:\ca_apsrg_retinal_project\data\raw\Retinal Vessel\STARE\stare\ppmdata\im0319.ppm,E:\ca_apsrg_retinal_project\data\working_png\STARE\stare\ppmdata\im0319.png,.ppm,skipped,output PNG already exists,False,,,,,,
E:\ca_apsrg_retinal_project\data\raw\Retinal Vessel\STARE\stare\ppmdata\im0324.ppm,E:\ca_apsrg_retinal_project\data\working_png\STARE\stare\ppmdata\im0324.png,.ppm,skipped,output PNG already exists,False,,,,,,
E:\ca_apsrg_retinal_project\data\raw\Retinal Vessel\STARE\stare\process_img.py,,.py,skipped,unsupported extension,False,,,,,,
E:\ca_apsrg_retinal_project\data\raw\Retinal Vessel\STARE\stare\stare-images\im0001.ppm,E:\ca_apsrg_retinal_project\data\working_png\STARE\stare\stare-images\im0001.png,.ppm,skipped,output PNG already exists,False,,,,,,
E:\ca_apsrg_retinal_project\data\raw\Retinal Vessel\STARE\stare\stare-images\im0001.ppm.gz,,.gz,skipped,archive file,False,,,,,,
E:\ca_apsrg_retinal_project\data\raw\Retinal Vessel\STARE\stare\stare-images\im0002.ppm,E:\ca_apsrg_retinal_project\data\working_png\STARE\stare\stare-images\im0002.png,.ppm,skipped,output PNG already exists,False,,,,,,
E:\ca_apsrg_retinal_project\data\raw\Retinal Vessel\STARE\stare\stare-images\im0002.ppm.gz,,.gz,skipped,archive file,False,,,,,,
E:\ca_apsrg_retinal_project\data\raw\Retinal Vessel\STARE\stare\stare-images\im0003.ppm,E:\ca_apsrg_retinal_project\data\working_png\STARE\stare\stare-images\im0003.png,.ppm,skipped,output PNG already exists,False,,,,,,
E:\ca_apsrg_retinal_project\data\raw\Retinal Vessel\STARE\stare\stare-images\im0003.ppm.gz,,.gz,skipped,archive file,False,,,,,,
E:\ca_apsrg_retinal_project\data\raw\Retinal Vessel\STARE\stare\stare-images\im0004.ppm,E:\ca_apsrg_retinal_project\data\working_png\STARE\stare\stare-images\im0004.png,.ppm,skipped,output PNG already exists,False,,,,,,
E:\ca_apsrg_retinal_project\data\raw\Retinal Vessel\STARE\stare\stare-images\im0004.ppm.gz,,.gz,skipped,archive file,False,,,,,,
E:\ca_apsrg_retinal_project\data\raw\Retinal Vessel\STARE\stare\stare-images\im0005.ppm,E:\ca_apsrg_retinal_project\data\working_png\STARE\stare\stare-images\im0005.png,.ppm,skipped,output PNG already exists,False,,,,,,
E:\ca_apsrg_retinal_project\data\raw\Retinal Vessel\STARE\stare\stare-images\im0005.ppm.gz,,.gz,skipped,archive file,False,,,,,,
E:\ca_apsrg_retinal_project\data\raw\Retinal Vessel\STARE\stare\stare-images\im0044.ppm,E:\ca_apsrg_retinal_project\data\working_png\STARE\stare\stare-images\im0044.png,.ppm,skipped,output PNG already exists,False,,,,,,
E:\ca_apsrg_retinal_project\data\raw\Retinal Vessel\STARE\stare\stare-images\im0044.ppm.gz,,.gz,skipped,archive file,False,,,,,,
E:\ca_apsrg_retinal_project\data\raw\Retinal Vessel\STARE\stare\stare-images\im0077.ppm,E:\ca_apsrg_retinal_project\data\working_png\STARE\stare\stare-images\im0077.png,.ppm,skipped,output PNG already exists,False,,,,,,
E:\ca_apsrg_retinal_project\data\raw\Retinal Vessel\STARE\stare\stare-images\im0077.ppm.gz,,.gz,skipped,archive file,False,,,,,,
E:\ca_apsrg_retinal_project\data\raw\Retinal Vessel\STARE\stare\stare-images\im0081.ppm,E:\ca_apsrg_retinal_project\data\working_png\STARE\stare\stare-images\im0081.png,.ppm,skipped,output PNG already exists,False,,,,,,
E:\ca_apsrg_retinal_project\data\raw\Retinal Vessel\STARE\stare\stare-images\im0081.ppm.gz,,.gz,skipped,archive file,False,,,,,,
E:\ca_apsrg_retinal_project\data\raw\Retinal Vessel\STARE\stare\stare-images\im0082.ppm,E:\ca_apsrg_retinal_project\data\working_png\STARE\stare\stare-images\im0082.png,.ppm,skipped,output PNG already exists,False,,,,,,
E:\ca_apsrg_retinal_project\data\raw\Retinal Vessel\STARE\stare\stare-images\im0082.ppm.gz,,.gz,skipped,archive file,False,,,,,,
E:\ca_apsrg_retinal_project\data\raw\Retinal Vessel\STARE\stare\stare-images\im0139.ppm,E:\ca_apsrg_retinal_project\data\working_png\STARE\stare\stare-images\im0139.png,.ppm,skipped,output PNG already exists,False,,,,,,
E:\ca_apsrg_retinal_project\data\raw\Retinal Vessel\STARE\stare\stare-images\im0139.ppm.gz,,.gz,skipped,archive file,False,,,,,,
E:\ca_apsrg_retinal_project\data\raw\Retinal Vessel\STARE\stare\stare-images\im0162.ppm,E:\ca_apsrg_retinal_project\data\working_png\STARE\stare\stare-images\im0162.png,.ppm,skipped,output PNG already exists,False,,,,,,
E:\ca_apsrg_retinal_project\data\raw\Retinal Vessel\STARE\stare\stare-images\im0162.ppm.gz,,.gz,skipped,archive file,False,,,,,,
E:\ca_apsrg_retinal_project\data\raw\Retinal Vessel\STARE\stare\stare-images\im0163.ppm,E:\ca_apsrg_retinal_project\data\working_png\STARE\stare\stare-images\im0163.png,.ppm,skipped,output PNG already exists,False,,,,,,
E:\ca_apsrg_retinal_project\data\raw\Retinal Vessel\STARE\stare\stare-images\im0163.ppm.gz,,.gz,skipped,archive file,False,,,,,,
E:\ca_apsrg_retinal_project\data\raw\Retinal Vessel\STARE\stare\stare-images\im0235.ppm,E:\ca_apsrg_retinal_project\data\working_png\STARE\stare\stare-images\im0235.png,.ppm,skipped,output PNG already exists,False,,,,,,
E:\ca_apsrg_retinal_project\data\raw\Retinal Vessel\STARE\stare\stare-images\im0235.ppm.gz,,.gz,skipped,archive file,False,,,,,,
E:\ca_apsrg_retinal_project\data\raw\Retinal Vessel\STARE\stare\stare-images\im0236.ppm,E:\ca_apsrg_retinal_project\data\working_png\STARE\stare\stare-images\im0236.png,.ppm,skipped,output PNG already exists,False,,,,,,
E:\ca_apsrg_retinal_project\data\raw\Retinal Vessel\STARE\stare\stare-images\im0236.ppm.gz,,.gz,skipped,archive file,False,,,,,,
E:\ca_apsrg_retinal_project\data\raw\Retinal Vessel\STARE\stare\stare-images\im0239.ppm,E:\ca_apsrg_retinal_project\data\working_png\STARE\stare\stare-images\im0239.png,.ppm,skipped,output PNG already exists,False,,,,,,
E:\ca_apsrg_retinal_project\data\raw\Retinal Vessel\STARE\stare\stare-images\im0239.ppm.gz,,.gz,skipped,archive file,False,,,,,,
E:\ca_apsrg_retinal_project\data\raw\Retinal Vessel\STARE\stare\stare-images\im0240.ppm,E:\ca_apsrg_retinal_project\data\working_png\STARE\stare\stare-images\im0240.png,.ppm,skipped,output PNG already exists,False,,,,,,
E:\ca_apsrg_retinal_project\data\raw\Retinal Vessel\STARE\stare\stare-images\im0240.ppm.gz,,.gz,skipped,archive file,False,,,,,,
E:\ca_apsrg_retinal_project\data\raw\Retinal Vessel\STARE\stare\stare-images\im0255.ppm,E:\ca_apsrg_retinal_project\data\working_png\STARE\stare\stare-images\im0255.png,.ppm,skipped,output PNG already exists,False,,,,,,
E:\ca_apsrg_retinal_project\data\raw\Retinal Vessel\STARE\stare\stare-images\im0255.ppm.gz,,.gz,skipped,archive file,False,,,,,,
E:\ca_apsrg_retinal_project\data\raw\Retinal Vessel\STARE\stare\stare-images\im0291.ppm,E:\ca_apsrg_retinal_project\data\working_png\STARE\stare\stare-images\im0291.png,.ppm,skipped,output PNG already exists,False,,,,,,
E:\ca_apsrg_retinal_project\data\raw\Retinal Vessel\STARE\stare\stare-images\im0291.ppm.gz,,.gz,skipped,archive file,False,,,,,,
E:\ca_apsrg_retinal_project\data\raw\Retinal Vessel\STARE\stare\stare-images\im0319.ppm,E:\ca_apsrg_retinal_project\data\working_png\STARE\stare\stare-images\im0319.png,.ppm,skipped,output PNG already exists,False,,,,,,
E:\ca_apsrg_retinal_project\data\raw\Retinal Vessel\STARE\stare\stare-images\im0319.ppm.gz,,.gz,skipped,archive file,False,,,,,,
E:\ca_apsrg_retinal_project\data\raw\Retinal Vessel\STARE\stare\stare-images\im0324.ppm,E:\ca_apsrg_retinal_project\data\working_png\STARE\stare\stare-images\im0324.png,.ppm,skipped,output PNG already exists,False,,,,,,
E:\ca_apsrg_retinal_project\data\raw\Retinal Vessel\STARE\stare\stare-images\im0324.ppm.gz,,.gz,skipped,archive file,False,,,,,,
