dataset,image_id,debug_json_path,seed_selection_method,region_growing_mode,mask_refinement_level,process_refinement_level,combined_refinement_level,process_risk_score,process_risk_level,recommended_refinement_level,selected_seed_point_count,seed_pixel_count,candidate_pixel_count,output_pixel_count,seed_density,candidate_density,output_density,growth_ratio,connected_edge_mean,connected_edge_density,fuzzy_seed_pixel_count,harris_candidate_count,strict_hybrid_candidate_count,initial_seed_component_count,accepted_growth_pixel_count,max_iterations_reached,n_baseline_pixels,n_refined_pixels,n_pixels_removed,n_pixels_added,selected_min_component_area,selected_hole_area,selected_closing_kernel,selected_opening_kernel,refinement_enabled,refinement_changed_mask
CHASEDB1,Image_01L,E:\ca_apsrg_retinal_project\outputs\recovery_ablation\experiments_r06_local_or_region_process_override\CHASEDB1\debug\Image_01L_debug.json,selective_fuzzy_harris,edge_delayed,normal,normal,normal,0,low,normal,77,378,142263,66282,0.00039414414414414413,0.14833896396396395,0.06911286286286286,175.34920634920636,0.0832582414150238,0.005199991658324992,5000,1809,15,77,65611,False,66282,66282,0,0,18,8,0,0,True,False
CHASEDB1,Image_01R,E:\ca_apsrg_retinal_project\outputs\recovery_ablation\experiments_r06_local_or_region_process_override\CHASEDB1\debug\Image_01R_debug.json,selective_fuzzy_harris,edge_delayed,normal,normal,normal,0,low,normal,77,376,136839,73523,0.00039205872539205874,0.1426833083083083,0.07666312145478812,195.53989361702128,0.09003341197967529,0.00663475975975976,5000,1228,15,77,72798,False,73523,73523,0,0,18,8,0,0,True,False
CHASEDB1,Image_02L,E:\ca_apsrg_retinal_project\outputs\recovery_ablation\experiments_r06_local_or_region_process_override\CHASEDB1\debug\Image_02L_debug.json,selective_fuzzy_harris,edge_delayed,normal,normal,normal,0,low,normal,77,380,133014,59601,0.0003962295628962296,0.13869494494494494,0.062146521521521524,156.84473684210528,0.08085058629512787,0.0036724224224224224,5000,1975,30,74,58986,False,59601,59601,0,0,18,8,0,0,True,False
CHASEDB1,Image_02R,E:\ca_apsrg_retinal_project\outputs\recovery_ablation\experiments_r06_local_or_region_process_override\CHASEDB1\debug\Image_02R_debug.json,selective_fuzzy_harris,edge_delayed,normal,normal,normal,0,low,normal,77,384,135915,65551,0.0004004004004004004,0.14171984484484484,0.06835064230897564,170.70572916666666,0.09885598719120026,0.008107065398732065,5000,2297,48,76,64886,False,65551,65551,0,0,18,8,0,0,True,False
CHASEDB1,Image_03L,E:\ca_apsrg_retinal_project\outputs\recovery_ablation\experiments_r06_local_or_region_process_override\CHASEDB1\debug\Image_03L_debug.json,selective_fuzzy_harris,edge_delayed,normal,normal,normal,0,low,normal,77,385,136603,65872,0.0004014431097764431,0.14243722889556223,0.06868535201868535,171.0961038961039,0.0994003415107727,0.008707665999332667,5000,2411,42,75,65279,False,65872,65872,0,0,18,8,0,0,True,False
CHASEDB1,Image_03R,E:\ca_apsrg_retinal_project\outputs\recovery_ablation\experiments_r06_local_or_region_process_override\CHASEDB1\debug\Image_03R_debug.json,selective_fuzzy_harris,edge_delayed,normal,normal,normal,0,low,normal,77,385,129166,66730,0.0004014431097764431,0.1346825992659326,0.06957999666333,173.32467532467533,0.08646920323371887,0.005332415749082416,5000,1680,24,76,66182,False,66730,66730,0,0,18,8,0,0,True,False
CHASEDB1,Image_04L,E:\ca_apsrg_retinal_project\outputs\recovery_ablation\experiments_r06_local_or_region_process_override\CHASEDB1\debug\Image_04L_debug.json,selective_fuzzy_harris,edge_delayed,normal,normal,normal,0,low,normal,77,381,145587,76467,0.0003972722722722723,0.15180492992992994,0.07973285785785786,200.70078740157481,0.08703885972499847,0.005054012345679012,5000,1523,17,75,75759,False,76467,76467,0,0,18,8,0,0,True,False
CHASEDB1,Image_04R,E:\ca_apsrg_retinal_project\outputs\recovery_ablation\experiments_r06_local_or_region_process_override\CHASEDB1\debug\Image_04R_debug.json,selective_fuzzy_harris,edge_delayed,normal,normal,normal,0,low,normal,77,348,127088,58280,0.00036286286286286285,0.13251584918251585,0.0607691024357691,167.4712643678161,0.08926838636398315,0.004655697364030697,5000,3402,95,77,57708,False,58280,58255,25,0,18,8,0,0,True,True
CHASEDB1,Image_05L,E:\ca_apsrg_retinal_project\outputs\recovery_ablation\experiments_r06_local_or_region_process_override\CHASEDB1\debug\Image_05L_debug.json,selective_fuzzy_harris,edge_delayed,normal,normal,normal,0,low,normal,77,384,138965,68419,0.0004004004004004004,0.14490010844177512,0.07134113279946613,178.17447916666666,0.10905689001083374,0.01252711044377711,5000,2223,54,76,67795,False,68419,68419,0,0,18,8,0,0,True,False
CHASEDB1,Image_05R,E:\ca_apsrg_retinal_project\outputs\recovery_ablation\experiments_r06_local_or_region_process_override\CHASEDB1\debug\Image_05R_debug.json,selective_fuzzy_harris,edge_delayed,normal,normal,normal,0,low,normal,77,384,133302,77723,0.0004004004004004004,0.13899524524524526,0.0810425008341675,202.40364583333334,0.09745582193136215,0.008974599599599599,5000,1698,22,75,77082,False,77723,77723,0,0,18,8,0,0,True,False
CHASEDB1,Image_06L,E:\ca_apsrg_retinal_project\outputs\recovery_ablation\experiments_r06_local_or_region_process_override\CHASEDB1\debug\Image_06L_debug.json,selective_fuzzy_harris,edge_delayed,normal,normal,normal,0,low,normal,77,383,128393,62122,0.00039935769102435767,0.13387658491825158,0.06477519185852519,162.19843342036555,0.08454801142215729,0.007846388054721388,5000,1737,27,74,61519,False,62122,62122,0,0,18,8,0,0,True,False
CHASEDB1,Image_06R,E:\ca_apsrg_retinal_project\outputs\recovery_ablation\experiments_r06_local_or_region_process_override\CHASEDB1\debug\Image_06R_debug.json,selective_fuzzy_harris,edge_delayed,normal,normal,normal,0,low,normal,77,385,141232,69115,0.0004014431097764431,0.14726393059726392,0.07206685852519186,179.5194805194805,0.09656951576471329,0.008122706039372707,5000,3098,64,75,68510,False,69115,69115,0,0,18,8,0,0,True,False
CHASEDB1,Image_07L,E:\ca_apsrg_retinal_project\outputs\recovery_ablation\experiments_r06_local_or_region_process_override\CHASEDB1\debug\Image_07L_debug.json,selective_fuzzy_harris,edge_delayed,normal,normal,normal,0,low,normal,77,379,137604,69163,0.0003951868535201868,0.14348098098098097,0.0721169085752419,182.48812664907652,0.08318649232387543,0.0046452702702702705,5000,1626,23,74,68556,False,69163,69150,13,0,18,8,0,0,True,True
CHASEDB1,Image_07R,E:\ca_apsrg_retinal_project\outputs\recovery_ablation\experiments_r06_local_or_region_process_override\CHASEDB1\debug\Image_07R_debug.json,selective_fuzzy_harris,edge_delayed,normal,normal,normal,0,low,normal,77,382,129394,67387,0.00039831498164831497,0.13492033700367034,0.07026505672339006,176.40575916230367,0.08973224461078644,0.0057088338338338335,5000,2102,47,75,66822,False,67387,67372,15,0,18,8,0,0,True,True
CHASEDB1,Image_08L,E:\ca_apsrg_retinal_project\outputs\recovery_ablation\experiments_r06_local_or_region_process_override\CHASEDB1\debug\Image_08L_debug.json,selective_fuzzy_harris,edge_delayed,normal,normal,normal,0,low,normal,77,383,116664,57210,0.00039935769102435767,0.12164664664664665,0.0596534034034034,149.3733681462141,0.06383775174617767,0.0017121287954621287,5000,1871,40,76,56734,False,57210,57210,0,0,18,8,0,0,True,False
CHASEDB1,Image_08R,E:\ca_apsrg_retinal_project\outputs\recovery_ablation\experiments_r06_local_or_region_process_override\CHASEDB1\debug\Image_08R_debug.json,selective_fuzzy_harris,edge_delayed,normal,normal,normal,0,low,normal,77,385,123468,57150,0.0004014431097764431,0.12874124124124123,0.05959084084084084,148.44155844155844,0.08504460752010345,0.006034159159159159,5000,1121,21,76,56558,False,57150,57150,0,0,18,8,0,0,True,False
CHASEDB1,Image_09L,E:\ca_apsrg_retinal_project\outputs\recovery_ablation\experiments_r06_local_or_region_process_override\CHASEDB1\debug\Image_09L_debug.json,selective_fuzzy_harris,edge_delayed,normal,normal,normal,0,low,normal,77,383,132919,81302,0.00039935769102435767,0.1385958875542209,0.08477435769102436,212.27676240208876,0.06336318701505661,0.002817400734067401,5000,2036,36,75,80760,False,81302,81302,0,0,18,8,0,0,True,False
CHASEDB1,Image_09R,E:\ca_apsrg_retinal_project\outputs\recovery_ablation\experiments_r06_local_or_region_process_override\CHASEDB1\debug\Image_09R_debug.json,selective_fuzzy_harris,edge_delayed,normal,normal,normal,0,low,normal,77,355,129443,71824,0.00037016182849516183,0.13497142976309642,0.07489155822489156,202.32112676056337,0.05390707030892372,0.003021771771771772,5000,651,6,76,71308,False,71824,71813,11,0,18,8,0,0,True,True
CHASEDB1,Image_10L,E:\ca_apsrg_retinal_project\outputs\recovery_ablation\experiments_r06_local_or_region_process_override\CHASEDB1\debug\Image_10L_debug.json,selective_fuzzy_harris,edge_delayed,normal,normal,normal,0,low,normal,77,385,133569,70095,0.0004014431097764431,0.13927364864864866,0.07308871371371371,182.06493506493507,0.06665710359811783,0.0033856773440106773,5000,999,3,77,69364,False,70095,70095,0,0,18,8,0,0,True,False
CHASEDB1,Image_10R,E:\ca_apsrg_retinal_project\outputs\recovery_ablation\experiments_r06_local_or_region_process_override\CHASEDB1\debug\Image_10R_debug.json,selective_fuzzy_harris,edge_delayed,normal,normal,normal,0,low,normal,77,385,128464,70173,0.0004014431097764431,0.1339506172839506,0.07317004504504504,182.26753246753248,0.09399253875017166,0.008548131464798131,5000,2221,29,75,69528,False,70173,70173,0,0,18,8,0,0,True,False
CHASEDB1,Image_11L,E:\ca_apsrg_retinal_project\outputs\recovery_ablation\experiments_r06_local_or_region_process_override\CHASEDB1\debug\Image_11L_debug.json,selective_fuzzy_harris,edge_delayed,normal,normal,normal,0,low,normal,77,384,128027,68951,0.0004004004004004004,0.13349495328661995,0.07189585418752086,179.55989583333334,0.0691889151930809,0.00407178011344678,5000,1855,12,74,68394,False,68951,68951,0,0,18,8,0,0,True,False
CHASEDB1,Image_11R,E:\ca_apsrg_retinal_project\outputs\recovery_ablation\experiments_r06_local_or_region_process_override\CHASEDB1\debug\Image_11R_debug.json,selective_fuzzy_harris,edge_delayed,normal,normal,normal,0,low,normal,77,385,122139,60368,0.0004014431097764431,0.12735548048048048,0.06294627961294628,156.8,0.05611211806535721,0.002679763096429763,5000,424,1,77,59878,False,60368,60368,0,0,18,8,0,0,True,False
CHASEDB1,Image_12L,E:\ca_apsrg_retinal_project\outputs\recovery_ablation\experiments_r06_local_or_region_process_override\CHASEDB1\debug\Image_12L_debug.json,selective_fuzzy_harris,edge_delayed,normal,normal,normal,0,low,normal,77,372,129395,54244,0.0003878878878878879,0.13492137971304638,0.05656072739406073,145.81720430107526,0.0968707948923111,0.008446988655321988,5000,3379,134,77,53732,False,54244,54244,0,0,18,8,0,0,True,False
CHASEDB1,Image_12R,E:\ca_apsrg_retinal_project\outputs\recovery_ablation\experiments_r06_local_or_region_process_override\CHASEDB1\debug\Image_12R_debug.json,selective_fuzzy_harris,edge_delayed,normal,normal,normal,0,low,normal,77,364,129956,74732,0.0003795462128795462,0.13550633967300635,0.07792375709042376,205.30769230769232,0.08416319638490677,0.004342884551217885,5000,1151,11,76,74213,False,74732,74732,0,0,18,8,0,0,True,False
CHASEDB1,Image_13L,E:\ca_apsrg_retinal_project\outputs\recovery_ablation\experiments_r06_local_or_region_process_override\CHASEDB1\debug\Image_13L_debug.json,selective_fuzzy_harris,edge_delayed,normal,normal,normal,0,low,normal,77,385,127960,61319,0.0004014431097764431,0.1334250917584251,0.06393789622956289,159.27012987012986,0.06607560068368912,0.0028028028028028026,5000,655,5,76,60639,False,61319,61319,0,0,18,8,0,0,True,False
CHASEDB1,Image_13R,E:\ca_apsrg_retinal_project\outputs\recovery_ablation\experiments_r06_local_or_region_process_override\CHASEDB1\debug\Image_13R_debug.json,selective_fuzzy_harris,edge_delayed,normal,normal,normal,0,low,normal,77,352,126941,60219,0.0003670337003670337,0.13236257090423756,0.06279091591591592,171.07670454545453,0.08183450251817703,0.006819319319319319,5000,946,7,75,59628,False,60219,60205,14,0,18,8,0,0,True,True
CHASEDB1,Image_14L,E:\ca_apsrg_retinal_project\outputs\recovery_ablation\experiments_r06_local_or_region_process_override\CHASEDB1\debug\Image_14L_debug.json,selective_fuzzy_harris,edge_delayed,normal,normal,normal,0,low,normal,77,385,139264,65393,0.0004014431097764431,0.1452118785452119,0.0681858942275609,169.85194805194806,0.08581044524908066,0.0041239155822489154,5000,2409,56,75,64798,False,65393,65393,0,0,18,8,0,0,True,False
CHASEDB1,Image_14R,E:\ca_apsrg_retinal_project\outputs\recovery_ablation\experiments_r06_local_or_region_process_override\CHASEDB1\debug\Image_14R_debug.json,selective_fuzzy_harris,edge_delayed,normal,normal,normal,0,low,normal,77,379,130696,66821,0.0003951868535201868,0.13627794461127796,0.06967488321654988,176.30870712401057,0.0715021938085556,0.002159451117784451,5000,1817,27,77,66123,False,66821,66807,14,0,18,8,0,0,True,True
DRIVE,21,E:\ca_apsrg_retinal_project\outputs\recovery_ablation\experiments_r06_local_or_region_process_override\DRIVE\debug\21_debug.json,selective_fuzzy_harris,edge_delayed,normal,normal,normal,0,low,normal,77,385,41850,29455,0.0017065602836879433,0.18550531914893617,0.13056294326241136,76.50649350649351,0.11066149920225143,0.024051418439716313,5000,135,1,77,28986,False,29455,29455,0,0,18,8,0,0,True,False
DRIVE,22,E:\ca_apsrg_retinal_project\outputs\recovery_ablation\experiments_r06_local_or_region_process_override\DRIVE\debug\22_debug.json,selective_fuzzy_harris,edge_delayed,normal,normal,normal,0,low,normal,77,375,43431,33906,0.0016470050859517054,0.19074954103458272,0.1489156118514094,90.416,0.10553108155727386,0.023018543081261035,5000,506,22,74,33441,False,33906,33906,0,0,18,8,0,0,True,False
DRIVE,23,E:\ca_apsrg_retinal_project\outputs\recovery_ablation\experiments_r06_local_or_region_process_override\DRIVE\debug\23_debug.json,selective_fuzzy_harris,edge_delayed,normal,normal,normal,0,low,normal,77,379,41820,29539,0.001660918457230254,0.18327073847326972,0.12945084514017013,77.93931398416886,0.13921067118644714,0.02887543988044893,5000,618,48,76,29109,False,29539,29539,0,0,18,8,0,0,True,False
DRIVE,24,E:\ca_apsrg_retinal_project\outputs\recovery_ablation\experiments_r06_local_or_region_process_override\DRIVE\debug\24_debug.json,selective_fuzzy_harris,edge_delayed,normal,normal,normal,0,low,normal,74,339,41428,34524,0.0014886310741856442,0.18192037799812055,0.1516032424931716,101.84070796460178,0.11109613627195358,0.028099558241044063,5000,167,11,72,34062,False,34524,34524,0,0,18,8,0,0,True,False
DRIVE,25,E:\ca_apsrg_retinal_project\outputs\recovery_ablation\experiments_r06_local_or_region_process_override\DRIVE\debug\25_debug.json,selective_fuzzy_harris,edge_delayed,normal,normal,normal,0,low,normal,77,385,42172,25893,0.001693334858067751,0.1854839419076187,0.11388446618168384,67.25454545454545,0.09098327904939651,0.011066053254281718,5000,111,6,77,25437,False,25893,25893,0,0,18,8,0,0,True,False
DRIVE,26,E:\ca_apsrg_retinal_project\outputs\recovery_ablation\experiments_r06_local_or_region_process_override\DRIVE\debug\26_debug.json,selective_fuzzy_harris,edge_delayed,normal,normal,normal,0,low,normal,77,385,43262,29951,0.001710411742754074,0.1921969683507188,0.13306114833046043,77.79480519480519,0.11628319323062897,0.01741954400867201,5000,50,2,77,29507,False,29951,29951,0,0,18,8,0,0,True,False
DRIVE,27,E:\ca_apsrg_retinal_project\outputs\recovery_ablation\experiments_r06_local_or_region_process_override\DRIVE\debug\27_debug.json,selective_fuzzy_harris,edge_delayed,normal,normal,normal,0,low,normal,77,355,46075,34109,0.0015582067016056112,0.20223767260979872,0.14971513347905857,96.08169014084507,0.10329977422952652,0.018351724561726932,5000,358,14,75,33609,False,34109,34101,8,0,18,8,0,0,True,True
DRIVE,28,E:\ca_apsrg_retinal_project\outputs\recovery_ablation\experiments_r06_local_or_region_process_override\DRIVE\debug\28_debug.json,selective_fuzzy_harris,edge_delayed,normal,normal,normal,0,low,normal,77,373,42099,31994,0.001640808175007808,0.1851913762993397,0.14073999129007994,85.77479892761394,0.12169045209884644,0.031065381586877053,5000,428,27,76,31561,False,31994,31994,0,0,18,8,0,0,True,False
DRIVE,29,E:\ca_apsrg_retinal_project\outputs\recovery_ablation\experiments_r06_local_or_region_process_override\DRIVE\debug\29_debug.json,selective_fuzzy_harris,edge_delayed,normal,normal,normal,0,low,normal,77,367,42842,31615,0.0016145423190458803,0.1884747194347782,0.13908380222516487,86.14441416893733,0.0982792004942894,0.013721410062953953,5000,292,14,73,31172,False,31615,31615,0,0,18,8,0,0,True,False
DRIVE,30,E:\ca_apsrg_retinal_project\outputs\recovery_ablation\experiments_r06_local_or_region_process_override\DRIVE\debug\30_debug.json,selective_fuzzy_harris,edge_delayed,normal,normal,normal,0,low,normal,77,365,40784,27427,0.001606097008259299,0.1794604394105404,0.12068608943980216,75.14246575342466,0.12628477811813354,0.021658108149732243,5000,317,20,76,26979,False,27427,27419,8,0,18,8,0,0,True,True
DRIVE,31,E:\ca_apsrg_retinal_project\outputs\recovery_ablation\experiments_r06_local_or_region_process_override\DRIVE\debug\31_debug.json,selective_fuzzy_harris,edge_delayed,normal,normal,normal,0,low,normal,77,385,41593,28052,0.0016908138304179603,0.1826649861001928,0.12319664823606397,72.86233766233767,0.08928932994604111,0.015366643097746607,5000,170,1,77,27559,False,28052,28052,0,0,18,8,0,0,True,False
DRIVE,32,E:\ca_apsrg_retinal_project\outputs\recovery_ablation\experiments_r06_local_or_region_process_override\DRIVE\debug\32_debug.json,selective_fuzzy_harris,edge_delayed,normal,normal,normal,0,low,normal,77,383,41542,28640,0.0017026459918913152,0.1846770751831567,0.12732057756597198,74.7780678851175,0.12966015934944153,0.03362614695213031,5000,139,7,77,28198,False,28640,28640,0,0,18,8,0,0,True,False
DRIVE,33,E:\ca_apsrg_retinal_project\outputs\recovery_ablation\experiments_r06_local_or_region_process_override\DRIVE\debug\33_debug.json,selective_fuzzy_harris,edge_delayed,normal,normal,normal,0,low,normal,77,385,42772,30313,0.0016905391282965514,0.18781231063766257,0.13310470804169705,78.73506493506494,0.13141454756259918,0.03237492205955967,5000,157,4,77,29859,False,30313,30313,0,0,18,8,0,0,True,False
DRIVE,34,E:\ca_apsrg_retinal_project\outputs\recovery_ablation\experiments_r06_local_or_region_process_override\DRIVE\debug\34_debug.json,selective_fuzzy_harris,edge_delayed,normal,normal,normal,0,low,normal,77,344,39942,28116,0.0015184822240467551,0.17631167730487063,0.12410943666075165,81.73255813953489,0.12343918532133102,0.023986722108924614,5000,300,16,76,27704,False,28116,28107,9,0,18,8,0,0,True,True
DRIVE,35,E:\ca_apsrg_retinal_project\outputs\recovery_ablation\experiments_r06_local_or_region_process_override\DRIVE\debug\35_debug.json,selective_fuzzy_harris,edge_delayed,normal,normal,normal,0,low,normal,77,375,44510,33044,0.0016472944835402336,0.1955228732330021,0.14515519710427593,88.11733333333333,0.13900268077850342,0.040444374159879816,5000,479,18,76,32578,False,33044,33044,0,0,18,8,0,0,True,False
DRIVE,36,E:\ca_apsrg_retinal_project\outputs\recovery_ablation\experiments_r06_local_or_region_process_override\DRIVE\debug\36_debug.json,selective_fuzzy_harris,edge_delayed,normal,normal,normal,0,low,normal,77,385,43913,30952,0.0016944154706734092,0.19326458847709457,0.13622220168385288,80.3948051948052,0.13087455928325653,0.03308731300914984,5000,63,1,77,30480,False,30952,30952,0,0,18,8,0,0,True,False
DRIVE,37,E:\ca_apsrg_retinal_project\outputs\recovery_ablation\experiments_r06_local_or_region_process_override\DRIVE\debug\37_debug.json,selective_fuzzy_harris,edge_delayed,normal,normal,normal,0,low,normal,77,380,45631,30990,0.0016726382787671775,0.20085304552217126,0.1364080533131443,81.55263157894737,0.13165858387947083,0.03666159006276795,5000,637,36,75,30461,False,30990,30990,0,0,18,8,0,0,True,False
DRIVE,38,E:\ca_apsrg_retinal_project\outputs\recovery_ablation\experiments_r06_local_or_region_process_override\DRIVE\debug\38_debug.json,selective_fuzzy_harris,edge_delayed,normal,normal,normal,0,low,normal,74,337,42815,33661,0.0014896739514817172,0.18925931819789235,0.1487949996463682,99.88427299703264,0.1265718638896942,0.027932491689652734,5000,190,8,68,33240,False,33661,33661,0,0,18,8,0,0,True,False
DRIVE,39,E:\ca_apsrg_retinal_project\outputs\recovery_ablation\experiments_r06_local_or_region_process_override\DRIVE\debug\39_debug.json,selective_fuzzy_harris,edge_delayed,normal,normal,normal,0,low,normal,77,385,41778,32973,0.0016926052932383715,0.183671854391981,0.1449617515167502,85.64415584415585,0.13097283244132996,0.03000527565286204,5000,90,6,77,32505,False,32973,32973,0,0,18,8,0,0,True,False
DRIVE,40,E:\ca_apsrg_retinal_project\outputs\recovery_ablation\experiments_r06_local_or_region_process_override\DRIVE\debug\40_debug.json,selective_fuzzy_harris,edge_delayed,normal,normal,normal,0,low,normal,77,360,42512,30483,0.0015860847497951307,0.18729898578691834,0.13430172618890268,84.675,0.1303974986076355,0.03193757875351362,5000,190,20,70,30072,False,30483,30483,0,0,18,8,0,0,True,False
STARE,im0001,E:\ca_apsrg_retinal_project\outputs\recovery_ablation\experiments_r06_local_or_region_process_override\STARE\debug\im0001_debug.json,selective_fuzzy_harris,edge_delayed,normal,normal,normal,0,low,normal,77,343,80953,57400,0.0008099173553719008,0.19115230224321134,0.13553719008264462,167.3469387755102,0.09998074918985367,0.013138134592680047,5000,501,6,74,56809,False,57400,57389,11,0,18,8,0,0,True,True
STARE,im0002,E:\ca_apsrg_retinal_project\outputs\recovery_ablation\experiments_r06_local_or_region_process_override\STARE\debug\im0002_debug.json,selective_fuzzy_harris,edge_delayed,normal,normal,normal,0,low,normal,77,385,74942,45787,0.0009090909090909091,0.17695867768595042,0.10811570247933884,118.92727272727272,0.09044666588306427,0.01319952774498229,5000,250,0,77,45241,False,45787,45787,0,0,18,8,0,0,True,False
STARE,im0003,E:\ca_apsrg_retinal_project\outputs\recovery_ablation\experiments_r06_local_or_region_process_override\STARE\debug\im0003_debug.json,selective_fuzzy_harris,edge_delayed,normal,normal,normal,0,low,normal,77,376,72219,43587,0.0008878394332939788,0.1705289256198347,0.10292089728453364,115.92287234042553,0.10826883465051651,0.016321133412042502,5000,26,0,77,43131,False,43587,43587,0,0,18,8,0,0,True,False
STARE,im0004,E:\ca_apsrg_retinal_project\outputs\recovery_ablation\experiments_r06_local_or_region_process_override\STARE\debug\im0004_debug.json,selective_fuzzy_harris,edge_delayed,normal,normal,normal,0,low,normal,77,385,74151,31986,0.0009090909090909091,0.1750909090909091,0.07552774498229044,83.08051948051948,0.09785689413547516,0.006243211334120425,5000,40,0,77,31501,False,31986,31986,0,0,18,8,0,0,True,False
STARE,im0005,E:\ca_apsrg_retinal_project\outputs\recovery_ablation\experiments_r06_local_or_region_process_override\STARE\debug\im0005_debug.json,selective_fuzzy_harris,edge_delayed,normal,normal,normal,0,low,normal,77,362,79086,54446,0.0008547815820543094,0.18674380165289256,0.1285619834710744,150.40331491712706,0.10028401762247086,0.020729634002361275,5000,534,4,76,53833,False,54446,54432,14,0,18,8,0,0,True,True
STARE,im0044,E:\ca_apsrg_retinal_project\outputs\recovery_ablation\experiments_r06_local_or_region_process_override\STARE\debug\im0044_debug.json,selective_fuzzy_harris,edge_delayed,normal,normal,normal,0,low,normal,77,367,70131,48996,0.0008665879574970484,0.16559858323494686,0.11569303423848878,133.5040871934605,0.08155141025781631,0.012047225501770956,5000,597,6,73,48468,False,48996,48996,0,0,18,8,0,0,True,False
STARE,im0077,E:\ca_apsrg_retinal_project\outputs\recovery_ablation\experiments_r06_local_or_region_process_override\STARE\debug\im0077_debug.json,selective_fuzzy_harris,edge_delayed,normal,normal,normal,0,low,normal,77,385,78583,61450,0.0009090909090909091,0.18555608028335302,0.14510035419126327,159.6103896103896,0.11716149002313614,0.034191263282172375,5000,369,2,77,60917,False,61450,61450,0,0,18,8,0,0,True,False
STARE,im0081,E:\ca_apsrg_retinal_project\outputs\recovery_ablation\experiments_r06_local_or_region_process_override\STARE\debug\im0081_debug.json,selective_fuzzy_harris,edge_delayed,normal,normal,normal,0,low,normal,77,385,78405,60850,0.0009090909090909091,0.1851357733175915,0.1436835891381346,158.05194805194805,0.10758232325315475,0.022455726092089727,5000,133,1,77,60263,False,60850,60850,0,0,18,8,0,0,True,False
STARE,im0082,E:\ca_apsrg_retinal_project\outputs\recovery_ablation\experiments_r06_local_or_region_process_override\STARE\debug\im0082_debug.json,selective_fuzzy_harris,edge_delayed,normal,normal,normal,0,low,normal,77,385,82548,58997,0.0009090909090909091,0.1949185360094451,0.13930814639905548,153.23896103896104,0.13654382526874542,0.04963400236127509,5000,195,2,77,58013,False,58997,58997,0,0,18,8,0,0,True,False
STARE,im0139,E:\ca_apsrg_retinal_project\outputs\recovery_ablation\experiments_r06_local_or_region_process_override\STARE\debug\im0139_debug.json,selective_fuzzy_harris,edge_delayed,normal,normal,normal,0,low,normal,77,375,73662,49685,0.0008854781582054309,0.1739362455726092,0.11731995277449823,132.49333333333334,0.10963036864995956,0.023940968122786305,5000,90,0,68,48960,False,49685,49685,0,0,18,8,0,0,True,False
STARE,im0162,E:\ca_apsrg_retinal_project\outputs\recovery_ablation\experiments_r06_local_or_region_process_override\STARE\debug\im0162_debug.json,selective_fuzzy_harris,edge_delayed,normal,normal,normal,0,low,normal,77,385,79718,58713,0.0009090909090909091,0.1882361275088548,0.1386375442739079,152.5012987012987,0.09247469156980515,0.021678866587957497,5000,356,2,77,58057,False,58713,58713,0,0,18,8,0,0,True,False
STARE,im0163,E:\ca_apsrg_retinal_project\outputs\recovery_ablation\experiments_r06_local_or_region_process_override\STARE\debug\im0163_debug.json,selective_fuzzy_harris,edge_delayed,normal,normal,normal,0,low,normal,77,385,76272,54298,0.0009090909090909091,0.18009917355371902,0.1282125147579693,141.03376623376624,0.09160184860229492,0.020656434474616292,5000,301,6,77,53697,False,54298,54282,16,0,18,8,0,0,True,True
STARE,im0235,E:\ca_apsrg_retinal_project\outputs\recovery_ablation\experiments_r06_local_or_region_process_override\STARE\debug\im0235_debug.json,selective_fuzzy_harris,edge_delayed,normal,normal,normal,0,low,normal,77,377,75171,53959,0.0008902007083825265,0.17749940968122788,0.1274120425029516,143.12732095490716,0.10092312842607498,0.023917355371900827,5000,409,9,73,53240,False,53959,53959,0,0,18,8,0,0,True,False
STARE,im0236,E:\ca_apsrg_retinal_project\outputs\recovery_ablation\experiments_r06_local_or_region_process_override\STARE\debug\im0236_debug.json,selective_fuzzy_harris,edge_delayed,normal,normal,normal,0,low,normal,77,385,84528,58624,0.0009090909090909091,0.19959386068476978,0.13842739079102714,152.27012987012986,0.10136207938194275,0.02247697756788666,5000,437,6,75,57901,False,58624,58624,0,0,18,8,0,0,True,False
STARE,im0239,E:\ca_apsrg_retinal_project\outputs\recovery_ablation\experiments_r06_local_or_region_process_override\STARE\debug\im0239_debug.json,selective_fuzzy_harris,edge_delayed,normal,normal,normal,0,low,normal,77,385,79601,57118,0.0009090909090909091,0.18795985832349468,0.13487131050767415,148.35844155844157,0.10790888965129852,0.020507674144037782,5000,122,0,77,56561,False,57118,57118,0,0,18,8,0,0,True,False
STARE,im0240,E:\ca_apsrg_retinal_project\outputs\recovery_ablation\experiments_r06_local_or_region_process_override\STARE\debug\im0240_debug.json,selective_fuzzy_harris,edge_delayed,normal,normal,normal,0,low,normal,77,366,77510,55751,0.0008642266824085006,0.1830224321133412,0.1316434474616293,152.32513661202185,0.11057739704847336,0.021825265643447462,5000,710,17,74,55060,False,55751,55725,26,0,18,8,0,0,True,True
STARE,im0255,E:\ca_apsrg_retinal_project\outputs\recovery_ablation\experiments_r06_local_or_region_process_override\STARE\debug\im0255_debug.json,selective_fuzzy_harris,edge_delayed,normal,normal,normal,0,low,normal,77,362,84227,56747,0.0008547815820543094,0.19888311688311688,0.1339952774498229,156.7596685082873,0.11798857897520065,0.03660448642266824,5000,722,5,74,56145,False,56747,56747,0,0,18,8,0,0,True,False
STARE,im0291,E:\ca_apsrg_retinal_project\outputs\recovery_ablation\experiments_r06_local_or_region_process_override\STARE\debug\im0291_debug.json,selective_fuzzy_harris,edge_delayed,normal,normal,normal,0,low,normal,77,384,81912,41895,0.0009067296340023612,0.1934167650531287,0.09892561983471074,109.1015625,0.04952114075422287,0.00274616292798111,5000,10,0,77,41354,False,41895,41895,0,0,18,8,0,0,True,False
STARE,im0319,E:\ca_apsrg_retinal_project\outputs\recovery_ablation\experiments_r06_local_or_region_process_override\STARE\debug\im0319_debug.json,selective_fuzzy_harris,edge_delayed,normal,normal,normal,0,low,normal,77,385,75010,30314,0.0009090909090909091,0.17711924439197166,0.07157969303423849,78.73766233766234,0.08670073002576828,0.007494687131050767,5000,5,0,77,29864,False,30314,30314,0,0,18,8,0,0,True,False
STARE,im0324,E:\ca_apsrg_retinal_project\outputs\recovery_ablation\experiments_r06_local_or_region_process_override\STARE\debug\im0324_debug.json,selective_fuzzy_harris,edge_delayed,normal,normal,normal,0,low,normal,77,371,72580,47108,0.0008760330578512397,0.17138134592680046,0.11123494687131051,126.97574123989219,0.09295989573001862,0.007737898465171192,5000,15,0,67,46602,False,47108,47108,0,0,18,8,0,0,True,False
